ACCIDENT_YEAR,COLLISION_DATE,COLLISION_TIME,MONTH,SEASON,24HOURS,DAY_OF_WEEK,INTERSECTION,WEATHER_1,STATE_HWY_IND,ROAD_SURFACE,ROAD_COND_1,LIGHTING,STWD_VEHTYPE_AT_FAULT,CHP_VEHTYPE_AT_FAULT,DIRECTION,PCF_VIOL_CATEGORY,TYPE_OF_COLLISION,PEDESTRIAN_ACCIDENT,BICYCLE_ACCIDENT,MOTORCYCLE_ACCIDENT,TRUCK_ACCIDENT,MVIW,TOW_AWAY,HIT_AND_RUN,CONTROL_DEVICE,NUMBER_INJURED,COUNT_PED_INJURED,COUNT_BICYCLIST_INJURED,COUNT_MC_INJURED,PCF_VIOLATION,PARTY_COUNT,POINT_Y,POINT_X,COLLISION_SEVERITY
2011,2011-05-22,2129,5,1,21,7,Y,A,N,A,H,C,-,- ,,01,D,,,,,C,Y,N,A,1,0,0,0,23153.0,2,38.75631438,-121.2440908,3
2011,2011-03-26,115,3,1,1,6,N,B,N,B,H,D,A,01,W,03,E,,,,,I,Y,N,D,1,0,0,0,22350.0,1,38.90993877,-121.09134384,3
2011,2011-05-15,655,5,1,6,7,N,D,Y,C,H,A,A,08,E,03,D,,,,,C,Y,N,D,2,0,0,0,22350.0,2,39.2941141,-120.67698778,4
2011,2011-05-18,1546,5,1,15,3,N,C,Y,B,H,A,A,07,W,03,E,,,,,I,Y,N,D,1,0,0,0,22350.0,1,39.24965706,-120.7420153,4
2011,2011-05-05,1733,5,1,17,4,Y,A,N,A,H,A,-,- ,,03,C,,,,,E,N,N,A,1,0,0,0,22350.0,3,38.72952,-121.26923,4
2011,2011-05-04,2112,5,1,21,3,Y,A,N,A,H,C,A,01,,12,A,,,,,C,Y,N,A,1,0,0,0,21453.0,2,38.77682,-121.35855,4
2011,2011-05-13,1507,5,1,15,5,Y,A,N,A,H,A,L,04,,11,D,,Y,,,G,N,N,A,1,0,1,0,21950.0,2,38.78445,-121.33327,4
2011,2011-05-11,1235,5,1,12,3,N,A,N,A,H,A,A,,S,09,B,,Y,,,G,N,N,D,1,0,1,0,21804.0,2,38.79369733,-121.3287486,3
2011,2011-05-09,1300,5,1,13,1,Y,A,N,A,H,A,L,04,,11,D,,Y,,,G,N,N,A,1,0,1,0,21950.0,2,38.75801,-121.2679,3
2011,2011-05-10,705,5,1,7,2,N,A,N,A,H,A,-,- ,E,09,H,,Y,,,G,N,N,D,1,0,1,0,21801.0,2,38.75917537,-121.30768359,3
2011,2011-05-13,1547,5,1,15,5,N,A,Y,A,H,A,A,01,N,03,C,,,,,C,Y,N,A,3,0,0,0,22350.0,3,38.78894516,-121.28912311,3
2011,2011-05-13,1745,5,1,17,5,N,A,N,A,H,A,A,01,E,03,C,,,,,C,Y,N,A,1,0,0,0,22350.0,2,38.74395851,-121.28027444,4
2011,2011-06-03,1250,6,2,12,5,N,B,N,A,H,A,L,04,S,09,H,,Y,,,G,N,N,D,1,0,1,0,21804.0,2,38.78922073,-121.22596933,3
2011,2011-06-01,920,6,2,9,3,N,B,Y,B,H,A,A,01,S,08,B,,,,Y,C,Y,N,D,1,0,0,0,22107.0,2,38.76912516,-121.2497731,4
2011,2011-06-19,1333,6,2,13,7,N,A,Y,A,H,A,D,22,E,03,C,,,,,C,Y,N,D,1,0,0,0,22350.0,2,38.77044219,-121.24769249,4
2011,2011-05-19,1500,5,1,15,4,N,A,Y,A,H,A,A,01,E,07,B,,,,,C,Y,N,D,1,0,0,0,21658.0,2,38.91022214,-121.06870535,4
2011,2011-05-05,749,5,1,7,4,N,A,Y,A,H,A,G,27,,03,C,,,,Y,C,N,N,D,4,0,0,0,22350.0,3,38.99042629,-121.39012442,3
2011,2011-05-20,1520,5,1,15,5,N,A,N,A,H,A,A,07,S,03,C,,,,,C,N,N,A,1,0,0,0,22350.0,2,38.73982516,-121.17057802,4
2011,2011-05-18,1414,5,1,14,3,Y,A,N,A,H,A,A,01,,12,A,,,,,C,Y,N,A,2,0,0,0,21453.0,2,38.788551,-121.214988,4
2011,2011-05-05,1719,5,1,17,4,Y,A,N,A,H,A,A,01,,03,C,,,,,C,N,N,D,1,0,0,0,22350.0,2,38.801898,-121.254561,4
2011,2011-04-27,1325,4,1,13,3,N,A,Y,A,H,A,-,- ,S,04,C,,,,,C,Y,N,A,2,0,0,0,21703.0,2,38.9070176,-121.07680115,4
2011,2011-04-27,1324,4,1,13,3,N,A,Y,A,H,A,-,- ,S,03,C,,,,,C,Y,N,A,2,0,0,0,22350.0,2,38.9070176,-121.07680115,4
2011,2011-04-29,2108,4,1,21,5,N,A,N,A,H,C,A,01,N,01,C,,,,,C,Y,N,D,1,0,0,0,23152.0,2,38.90742119,-121.06605104,4
2011,2011-04-25,735,4,1,7,1,N,D,N,C,H,A,A,01,W,03,F,,,,,A,Y,N,D,1,0,0,0,22350.0,1,39.18245876,-120.2136004,3
2011,2011-05-01,1700,5,1,17,7,N,A,N,A,H,A,A,01,E,08,E,,,,,I,Y,N,D,1,0,0,0,22107.0,1,39.20496077,-120.09777471,4
2011,2011-06-08,1246,6,2,12,3,N,A,N,A,H,A,A,01,E,03,C,,,,,C,Y,N,A,2,0,0,0,22350.0,3,38.74416362,-121.25065616,4
2011,2011-06-08,1245,6,2,12,3,N,A,N,A,H,A,A,01,E,03,C,,,,,C,Y,N,A,1,0,0,0,22350.0,2,38.74416339,-121.25069122,4
2011,2011-06-08,1104,6,2,11,3,N,A,N,A,H,A,D,22,S,09,D,,,,,C,Y,N,A,2,0,0,0,21804.0,2,38.7224007,-121.2904431,3
2011,2011-06-01,1652,6,2,16,3,Y,C,N,B,H,A,D,22,,03,D,,,,,C,N,N,A,2,0,0,0,22350.0,2,38.77831,-121.2883,4
2011,2011-05-24,1550,5,1,15,2,N,A,N,A,H,A,D,22,N,09,D,,,,,C,Y,N,D,2,0,0,0,21804.0,2,39.03833464,-120.9726982,4
2011,2011-05-25,1325,5,1,13,3,N,B,Y,B,H,A,D,22,S,03,C,,,,,C,Y,N,D,1,0,0,0,22350.0,3,38.9187713,-121.08120295,4
2011,2011-05-25,1410,5,1,14,3,N,C,Y,B,H,A,D,22,W,03,E,,,,,I,Y,N,D,1,0,0,0,22350.0,1,38.89027678,-121.08811896,3
2011,2011-05-27,2215,5,1,22,5,N,A,Y,A,H,C,D,22,S,03,C,,,,,C,N,N,D,2,0,0,0,22350.0,2,38.77175094,-121.24560246,4
2011,2011-06-04,1420,6,2,14,6,N,B,Y,B,H,A,A,07,S,03,C,,,,,C,Y,N,D,2,0,0,0,22350.0,2,38.77412396,-121.25806129,4
2011,2011-05-21,220,5,1,2,6,N,A,N,A,H,D,D,22,S,01,A,,,,,C,Y,N,D,2,0,0,0,23152.0,2,39.0553934,-120.99892962,3
2011,2011-05-10,1155,5,1,11,2,N,A,N,A,H,A,A,07,N,03,E,,,,,I,Y,N,A,1,0,0,0,22350.0,1,38.81617522,-121.26948306,4
2011,2011-04-30,1240,4,1,12,6,N,A,Y,A,H,A,C,02,W,03,F,,,Y,,A,N,N,D,1,0,0,1,22350.0,1,38.88653646,-121.23971234,3
2011,2011-05-01,835,5,1,8,7,N,A,N,A,H,A,A,01,N,05,B,,,,,C,N,F,D,1,0,0,0,21460.0,2,38.75137917,-121.17014956,4
2011,2011-05-03,1715,5,1,17,2,Y,A,Y,A,H,A,A,01,,12,D,,,,,C,Y,N,A,2,0,0,0,21453.0,2,38.82037442,-121.30033178,4
2011,2011-05-04,1405,5,1,14,3,N,A,Y,A,H,A,A,01,W,09,D,,,Y,,C,N,N,D,1,0,0,1,21804.0,2,38.92058297,-121.08229699,4
2011,2011-05-05,1630,5,1,16,4,Y,A,N,A,H,A,A,07,,09,D,,,,,C,Y,N,A,1,0,0,0,21802.0,2,38.935,-121.09393,4
2011,2011-05-05,1635,5,1,16,4,N,A,N,A,H,A,A,08,E,09,D,,,,,C,Y,N,D,4,0,0,0,21801.0,2,38.9424931,-121.09250561,4
2011,2011-05-06,1555,5,1,15,5,Y,A,N,A,H,A,A,07,,09,D,,,,,C,Y,N,A,2,0,0,0,21802.0,2,38.84269,-121.11641,4
2011,2011-05-06,1605,5,1,16,5,N,A,Y,A,H,A,A,01,E,08,E,,,,,I,Y,N,D,3,0,0,0,22107.0,2,38.76964814,-121.24927998,3
2011,2011-05-27,2215,5,1,22,5,N,A,N,A,H,C,A,81,W,03,F,,,,,A,Y,N,D,3,0,0,0,22350.0,1,38.73005323,-121.25922481,3
2011,2011-05-12,720,5,1,7,4,N,A,N,A,H,A,D,22,W,09,D,,Y,,,G,N,N,A,1,0,1,0,21453.0,2,38.76858547,-121.33009819,4
2011,2011-05-03,1817,5,1,18,2,Y,A,N,A,H,A,-,,,09,D,,,,,C,Y,N,A,1,0,0,0,21802.0,2,38.81031,-121.20547,4
2011,2011-02-05,2020,2,4,20,6,N,A,Y,A,H,C,N,60,W,11,G,Y,,,,B,N,N,D,0,0,0,0,21954.0,2,38.76350486,-121.25786989,1
2011,2011-05-26,300,5,1,3,4,N,B,N,A,H,D,C,02,N,08,E,,,Y,,I,Y,N,D,0,0,0,0,22107.0,1,38.82996857,-121.32572025,1
2011,2011-06-15,2230,6,2,22,3,N,A,Y,A,H,D,N,60,N,11,G,Y,,,,B,Y,N,D,0,0,0,0,21954.0,2,38.95762007,-121.10166188,1
2011,2011-03-04,1959,3,1,19,5,N,B,N,A,H,D,A,01,N,05,E,,,,,I,Y,N,D,0,0,0,0,21651.0,1,38.80643959,-121.21523869,1
2011,2011-05-28,1705,5,1,17,6,N,B,Y,A,H,C,A,08,N,03,C,,,,,C,Y,N,D,2,0,0,0,22350.0,3,38.78666353,-121.28456985,1
2011,2011-05-31,1010,5,1,10,2,Y,B,N,A,H,A,L,04,,05,H,,Y,,,G,N,N,A,1,0,1,0,21650.0,2,38.77772,-121.2467,4
2011,2011-06-02,635,6,2,6,4,N,A,Y,A,H,A,G,25,W,07,B,,,,Y,C,Y,N,D,1,0,0,0,21658.0,2,39.13364867,-120.93302194,4
2011,2011-04-13,1117,4,1,11,3,Y,B,N,A,H,A,A,07,,12,D,,,,,C,N,N,A,1,0,0,0,21453.0,2,38.88909,-121.31339,4
2011,2011-04-30,1535,4,1,15,6,N,A,Y,A,H,A,A,01,S,03,C,,,,,C,N,N,D,1,0,0,0,22350.0,3,38.89887245,-121.29569176,4
2011,2011-06-21,309,6,2,3,2,N,A,N,A,H,D,A,01,S,13,H,,,,,E,N,N,D,2,0,0,0,22515.0,2,38.89133258,-121.06086317,3
2011,2011-06-18,25,6,2,0,6,N,A,N,A,H,C,A,01,N,01,C,,,,,E,Y,N,D,1,0,0,0,23152.0,2,38.89746185,-121.07122351,3
2011,2011-06-10,1800,6,2,18,5,N,A,N,A,H,A,D,22,E,03,C,,,,,C,Y,N,D,1,0,0,0,22350.0,2,38.76698516,-121.17799555,4
2011,2011-06-14,1425,6,2,14,2,N,A,Y,A,H,A,A,01,N,03,C,,,,,C,Y,N,A,1,0,0,0,22350.0,4,38.93040462,-121.08913901,4
2011,2011-06-16,1740,6,2,17,4,N,A,Y,A,H,A,A,01,E,03,C,,,,,C,Y,N,D,1,0,0,0,22350.0,4,38.77151516,-121.2463331,4
2011,2011-06-15,1032,6,2,10,3,N,A,Y,A,H,A,C,02,S,03,C,,,Y,,C,N,N,D,1,0,0,1,22350.0,2,38.91772518,-121.08058309,4
2011,2011-05-17,1515,5,1,15,2,N,D,Y,C,H,A,A,01,E,03,C,,,,,C,N,N,D,1,0,0,0,22350.0,2,39.20330645,-120.80345648,4
2011,2011-06-01,645,6,2,6,3,N,B,N,A,H,A,D,22,S,07,C,,,,,C,Y,N,D,2,0,0,0,21658.0,4,38.71942055,-121.22591309,3
2011,2011-06-04,1435,6,2,14,6,N,B,Y,B,H,A,A,01,W,03,C,,,,,C,Y,N,D,1,0,0,0,22350.0,3,38.76744516,-121.2524531,4
2011,2011-06-14,1719,6,2,17,2,N,A,N,A,H,A,-,- ,N,00,E,,,,,J,Y,N,D,1,0,0,0,,1,38.79491748,-121.20576113,3
2011,2011-06-16,1518,6,2,15,4,N,A,N,A,H,A,D,22,S,03,C,,,,,C,N,N,A,1,0,0,0,22350.0,2,38.72778086,-121.29045555,4
2011,2011-06-12,934,6,2,9,7,N,A,Y,A,H,A,C,02,N,05,B,,,Y,,C,Y,N,D,1,0,0,1,21460.0,2,39.2661014,-120.0724378,2
2011,2011-05-23,1445,5,1,14,1,Y,A,N,A,H,A,-,- ,,03,C,,,,,C,Y,N,A,2,0,0,0,22350.0,4,38.791791,-121.3519905,3
2011,2011-05-27,945,5,1,9,5,Y,A,N,-,H,A,-,- ,,09,D,,,,,C,Y,N,A,3,0,0,0,21804.0,2,38.807919,-121.307319,4
2011,2011-06-19,1610,6,2,16,7,N,A,Y,A,H,A,D,22,W,03,C,,,,,C,Y,N,D,2,0,0,0,22350.0,3,38.76283685,-121.25868498,4
2011,2011-06-29,2135,6,2,21,3,N,A,N,A,H,C,-,- ,N,09,D,,,,,C,Y,N,D,1,0,0,0,21804.0,2,38.78277824,-121.30775972,4
2011,2011-06-29,1656,6,2,16,3,N,A,Y,A,H,A,A,01,W,03,C,,,,,C,N,N,A,2,0,0,0,22350.0,5,38.74274515,-121.2715031,3
2011,2011-07-01,1216,7,2,12,5,Y,A,N,A,H,A,A,01,,12,D,,,,Y,C,Y,N,A,1,0,0,0,21453.0,5,38.80476,-121.27296,3
2011,2011-06-05,1545,6,2,15,7,Y,B,Y,A,H,A,A,01,,12,D,,,,,C,Y,N,A,2,0,0,0,21453.0,3,38.72913515,-121.2857431,4
2011,2011-06-01,1735,6,2,17,3,N,B,N,B,H,A,A,01,S,03,C,,,,,C,N,N,A,1,0,0,0,22350.0,2,38.74818917,-121.26512983,4
2011,2011-05-22,320,5,1,3,7,N,A,N,A,H,D,A,07,N,01,E,,,,,-,Y,N,D,1,0,0,0,23152.0,1,38.83889582,-121.3457165,3
2011,2011-05-20,1755,5,1,17,5,Y,A,N,A,H,A,A,01,,12,D,,,,,C,Y,N,A,2,0,0,0,21453.0,3,38.74406,-121.18919,4
2011,2011-05-05,330,5,1,3,4,N,A,N,A,H,D,A,07,N,01,E,,,,,I,Y,N,D,1,0,0,0,23152.0,1,38.94499,-121.22875,3
2011,2011-05-18,1740,5,1,17,3,N,A,N,A,H,A,A,01,W,03,C,,,,,C,N,N,D,3,0,0,0,22350.0,2,38.82530612,-121.17509186,3
2011,2011-05-28,1700,5,1,17,6,N,B,Y,B,H,A,A,07,S,03,F,,,,,A,N,N,D,1,0,0,0,22350.0,1,38.79548516,-121.29712311,3
2011,2011-05-25,1735,5,1,17,3,Y,B,N,A,H,-,A,01,,12,D,,,,,C,Y,N,D,1,0,0,0,22450.0,2,38.89723,-121.37714,3
2011,2011-05-31,1650,5,1,16,2,N,B,Y,A,H,A,A,01,N,03,C,,,,,C,N,N,B,2,0,0,0,22350.0,2,38.92065051,-121.08233076,4
2011,2011-05-17,2320,5,1,23,2,N,B,Y,B,H,D,A,01,W,03,E,,,,,I,Y,N,D,1,0,0,0,22350.0,1,38.89187061,-121.08634917,4
2011,2011-05-11,1133,5,1,11,3,N,A,Y,A,H,A,A,01,S,08,E,,,,,I,Y,N,D,2,0,0,0,22107.0,1,38.78612799,-121.2835018,3
2011,2011-05-28,1250,5,1,12,6,N,B,Y,A,H,A,A,01,N,03,C,,,,,C,Y,N,A,1,0,0,0,22350.0,2,38.92827311,-121.08757238,4
2011,2011-06-05,1650,6,2,16,7,N,B,N,A,D,A,C,02,W,03,C,,,Y,,C,Y,N,D,1,0,0,1,22350.0,2,38.7311059,-121.17214429,3
2011,2011-06-05,730,6,2,7,7,N,B,N,B,H,A,A,07,S,05,E,,,,,I,Y,N,D,1,0,0,0,21650.0,1,38.80843446,-121.12888769,3
2011,2011-06-04,55,6,2,0,6,N,B,N,A,H,D,C,02,N,08,E,,,Y,,A,Y,N,D,1,0,0,1,22107.0,1,38.97375577,-121.03649882,2
2011,2011-06-07,2215,6,2,22,2,N,A,Y,A,D,C,A,01,S,03,C,,,,,C,Y,N,A,2,0,0,0,22350.0,2,38.77665238,-121.26450382,4
2011,2011-06-04,2105,6,2,21,6,N,B,Y,B,H,D,A,01,W,08,E,,,,,I,Y,N,D,1,0,0,0,22107.0,1,38.76723516,-121.2531431,4
2011,2011-06-01,1640,6,2,16,3,N,B,N,B,H,A,A,01,W,03,C,,,,,C,N,N,A,2,0,0,0,22350.0,2,38.72881479,-121.35887817,4
2011,2011-06-04,1515,6,2,15,6,N,B,Y,B,H,A,A,01,E,08,E,,,,,I,Y,N,D,2,0,0,0,22107.0,1,38.90521556,-121.07143309,4
2011,2011-06-01,1520,6,2,15,3,N,B,Y,B,H,A,A,07,N,03,C,,,,,C,N,N,A,1,0,0,0,22350.0,2,38.78417516,-121.27955311,4
2011,2011-06-06,1940,6,2,19,1,Y,A,N,A,H,A,L,04,,05,H,,Y,,,G,N,N,A,1,0,1,0,21202.0,2,38.80227,-121.27697,4
2011,2011-05-12,950,5,1,9,4,N,A,N,A,H,A,C,02,N,03,F,,,Y,,A,N,N,D,1,0,0,1,22350.0,1,38.91854487,-121.27953313,4
2011,2011-05-13,1600,5,1,16,5,N,A,N,A,H,A,A,07,S,21,C,,,,,C,N,N,D,1,0,0,0,22106.0,2,38.94219773,-121.0793631,4
2011,2011-05-13,1810,5,1,18,5,N,A,N,A,H,A,A,01,W,08,B,,,Y,,D,N,N,D,1,0,0,1,22107.0,2,38.81728577,-121.30507529,3
2011,2011-05-15,1340,5,1,13,7,N,B,N,A,H,A,A,01,N,01,E,,,,,I,Y,N,D,1,0,0,0,23152.0,1,38.73453755,-121.39253559,3
2011,2011-05-12,2200,5,1,22,4,N,A,Y,A,H,D,A,01,E,01,F,,,,,A,Y,N,D,1,0,0,0,23152.0,1,38.76140516,-121.2593031,3
2011,2011-05-13,2032,5,1,20,5,N,B,N,A,H,E,A,01,S,09,D,,,,,C,Y,N,D,2,0,0,0,21804.0,2,38.74090697,-121.22619239,4
2011,2011-05-15,1023,5,1,10,7,N,C,Y,C,F,A,A,01,E,03,A,,,,,C,N,N,D,1,0,0,0,22350.0,2,38.92734518,-121.0866131,3
2011,2011-05-09,1814,5,1,18,1,N,B,N,A,H,A,A,07,N,08,E,,,,,I,Y,N,D,1,0,0,0,22107.0,1,38.79738069,-121.13305211,2
2011,2011-04-29,1930,4,1,19,5,N,A,Y,A,H,B,-,- ,N,18,C,,,,,C,N,N,D,1,0,0,0,,2,38.77230992,-121.24405896,2
2011,2011-04-25,1710,4,1,17,1,Y,B,N,A,H,A,A,07,,12,D,,,,,C,Y,N,A,2,0,0,0,22450.0,2,38.92655,-121.27482,3
2011,2011-06-26,1313,6,2,13,7,N,A,Y,A,H,A,G,27,E,03,F,,,,Y,A,Y,N,D,1,0,0,0,22350.0,1,39.09572521,-120.94967309,4
2011,2011-05-20,1201,5,1,12,5,N,A,N,A,H,A,A,01,W,08,B,,,,,C,Y,N,A,1,0,0,0,22107.0,2,38.74394515,-121.28246375,3
2011,2011-05-25,1325,5,1,13,3,N,B,Y,B,H,A,A,01,E,03,E,,,,,I,Y,N,D,2,0,0,0,22350.0,1,39.12771562,-120.93755789,3
2011,2011-05-21,740,5,1,7,6,N,A,Y,B,H,A,A,07,E,08,E,,,,,I,Y,N,D,1,0,0,0,22107.0,1,39.31242023,-120.64398296,4
2011,2011-05-29,30,5,1,0,7,N,B,Y,C,H,D,A,01,E,03,F,,,,,A,Y,N,D,1,0,0,0,22350.0,1,39.31167649,-120.49856898,3
2011,2011-06-02,25,6,2,0,4,N,B,N,A,H,C,A,,S,01,E,,,,,E,Y,N,D,1,0,0,0,23152.0,2,38.73657179,-121.2905531,3
2011,2011-06-04,1638,6,2,16,6,N,B,N,B,H,A,-,- ,W,03,C,,,,,C,N,N,D,1,0,0,0,22350.0,2,38.72954132,-121.26776363,4
2011,2011-06-04,1110,6,2,11,6,N,B,N,B,H,A,-,- ,E,21,C,,,,,C,N,N,A,1,0,0,0,22106.0,2,38.7517554,-121.35850298,4
2011,2011-06-01,1312,6,2,13,3,N,B,Y,B,H,A,A,01,E,03,E,,,,,I,Y,N,D,1,0,0,0,22350.0,1,39.24756337,-120.74268646,3
2011,2011-07-01,1645,7,2,16,5,N,A,Y,A,H,A,D,22,E,03,C,,,,,C,N,N,D,4,0,0,0,22350.0,3,39.22699529,-120.00727582,4
2011,2011-07-08,140,7,2,1,5,N,A,N,A,H,D,D,22,S,08,E,,,,,I,Y,N,D,1,0,0,0,22107.0,1,39.07200754,-120.97362041,4
2011,2011-07-03,1340,7,2,13,7,N,A,N,A,-,A,L,04,N,08,C,,Y,,,E,N,N,D,1,0,1,0,22107.0,2,39.19697757,-120.23960016,3
2011,2011-06-28,1505,6,2,15,2,N,B,N,B,H,A,D,22,E,03,D,,,,,C,Y,N,D,1,0,0,0,22350.0,2,38.85385295,-121.20932311,4
2011,2011-06-24,1159,6,2,11,5,Y,A,N,A,H,A,A,01,,12,D,,,,,C,N,N,A,1,0,0,0,21453.0,2,38.81466,-121.3073,3
2011,2011-06-15,1500,6,2,15,3,N,A,Y,A,H,A,A,07,N,03,C,,,,,C,N,N,A,1,0,0,0,22350.0,2,38.93537661,-121.09365551,4
2011,2011-06-28,1738,6,2,17,2,N,B,Y,B,H,A,A,07,W,03,E,,,,,I,Y,N,D,1,0,0,0,22350.0,1,39.22845593,-120.76191582,4
2011,2011-06-15,1650,6,2,16,3,N,A,Y,D,B,A,C,02,N,03,F,,,Y,,A,Y,N,D,1,0,0,1,22350.0,1,39.12727521,-120.9587931,3
2011,2011-06-16,1546,6,2,15,4,Y,A,N,A,H,A,A,01,,12,D,,,,,C,Y,N,A,2,0,0,0,21453.0,2,38.79277,-121.26145,4
2011,2011-07-09,1605,7,2,16,6,N,A,Y,A,H,A,A,01,S,06,D,,,,,C,Y,N,D,2,0,0,0,21751.0,4,39.27623429,-120.20696898,2
2011,2011-06-12,0,6,2,0,7,-,A,N,A,H,A,A,01,,01,E,,,,,I,Y,N,D,1,0,0,0,23152.0,1,38.77701986,-121.2130056,3
2011,2011-07-01,1020,7,2,10,5,Y,A,N,A,H,A,A,08,,- ,D,,,Y,,C,Y,N,A,1,0,0,1,,2,38.80689,-121.26796,2
2011,2011-07-05,1551,7,2,15,2,N,A,N,A,H,A,A,01,N,- ,F,,,,,A,Y,N,D,1,0,0,0,,1,,,4
2011,2011-07-28,1619,7,2,16,4,Y,A,Y,A,H,A,L,04,,05,D,,Y,,,G,N,N,D,1,0,1,0,21650.0,2,39.16924509,-120.14306989,4
2011,2011-06-14,1745,6,2,17,2,N,A,Y,A,H,A,A,08,W,08,F,,,,,A,Y,N,D,1,0,0,0,22107.0,1,39.28021697,-120.71113298,4
2011,2011-06-16,1130,6,2,11,4,N,A,Y,A,H,A,A,07,N,03,C,,,,,C,N,N,D,1,0,0,0,22350.0,2,39.15915825,-120.14562757,4
2011,2011-06-28,1546,6,2,15,2,Y,C,N,B,H,A,A,01,,09,D,,,,,C,Y,N,A,1,0,0,0,21453.0,2,38.78842,-121.22637,4
2011,2011-06-28,1811,6,2,18,2,N,C,Y,B,H,A,A,01,E,08,E,,,,,I,Y,N,A,1,0,0,0,22107.0,1,39.18800012,-120.82826203,4
2011,2011-06-18,1535,6,2,15,6,N,A,Y,A,H,A,A,07,E,01,E,,,,,I,Y,N,D,1,0,0,0,23152.0,1,39.21123826,-120.78258596,4
2011,2011-06-20,1614,6,2,16,1,N,A,N,A,H,A,-,- ,S,08,E,,,,,I,Y,N,A,1,0,0,0,22107.0,1,38.72710826,-121.27214271,3
2011,2011-06-19,1245,6,2,12,7,N,A,N,A,H,A,-,- ,N,08,E,,,,,I,Y,N,D,1,0,0,0,22107.0,1,38.78615679,-121.26646608,4
2011,2011-06-13,2036,6,2,20,1,Y,A,N,A,H,A,-,- ,,12,D,,,,,C,Y,N,A,1,0,0,0,21453.0,2,38.76823,-121.33756,3
2011,2011-06-15,2124,6,2,21,3,Y,A,N,A,H,C,A,01,,09,D,,,,,C,Y,N,A,1,0,0,0,21453.0,2,38.75248,-121.26781,4
2011,2011-06-03,2107,6,2,21,5,Y,A,N,A,H,C,-,- ,,09,A,,,,,C,Y,N,A,1,0,0,0,21453.0,2,38.77244,-121.31288,4
2011,2011-06-17,1700,6,2,17,5,N,A,N,A,H,A,-,- ,W,03,C,,,,,C,Y,N,A,1,0,0,0,22350.0,3,38.77312491,-121.2741226,4
2011,2011-06-11,1533,6,2,15,6,N,A,N,A,H,A,-,- ,E,03,C,,,,,C,N,F,A,1,0,0,0,22350.0,2,38.72278863,-121.29040833,4
2011,2011-06-09,940,6,2,9,4,Y,A,N,A,H,A,-,- ,,12,F,,,,,A,N,N,A,1,0,0,0,21453.0,2,38.72933,-121.29213,4
2011,2011-06-10,1509,6,2,15,5,N,A,N,A,H,A,-,- ,,03,C,,,,,C,Y,N,A,1,0,0,0,22350.0,3,38.74419,-121.25922,2
2011,2011-05-31,1524,5,1,15,2,N,B,N,A,H,A,A,07,W,21,C,,,,,C,N,N,A,1,0,0,0,22106.0,2,38.72928399,-121.29979515,4
2011,2011-05-30,1206,5,1,12,1,N,A,N,A,H,A,-,- ,W,00,B,,,,,C,Y,N,D,1,0,0,0,,2,38.75944516,-121.26852597,3
2011,2011-06-07,1620,6,2,16,2,Y,A,N,A,H,A,D,22,,01,B,,,,,C,Y,F,A,1,0,0,0,23153.0,2,38.75085,-121.26341,4
2011,2011-06-07,719,6,2,7,2,N,E,N,A,H,A,-,- ,W,03,C,,,,,C,Y,N,A,1,0,0,0,22350.0,6,38.72934515,-121.29500603,4
2011,2011-06-08,1038,6,2,10,3,N,A,N,A,H,A,A,01,N,09,D,,Y,,,G,N,N,D,1,0,1,0,21804.0,2,38.73220824,-121.27214002,3
2011,2011-06-08,1247,6,2,12,3,N,A,N,A,H,A,A,01,E,03,C,,,,,C,Y,N,A,2,0,0,0,22350.0,3,38.74416385,-121.2506211,4
2011,2011-06-10,917,6,2,9,5,N,A,Y,A,H,A,A,01,S,03,F,,,,,I,Y,N,D,1,0,0,0,22350.0,1,38.90399311,-121.06478858,3
2011,2011-06-11,2229,6,2,22,6,N,A,N,A,H,C,C,03,W,01,H,,,Y,,J,N,N,D,1,0,0,1,23152.0,1,38.89404443,-121.07499448,3
2011,2011-06-12,1230,6,2,12,7,Y,A,N,A,H,A,-,- ,,09,D,,,Y,,C,Y,N,D,1,0,0,1,21801.0,3,38.79531,-121.22281,4
2011,2011-06-25,1841,6,2,18,6,Y,A,N,A,H,A,A,07,,12,D,,,,,C,Y,N,A,1,0,0,0,21453.0,2,38.78842,-121.22637,4
2011,2011-06-05,1205,6,2,12,7,N,B,Y,B,H,A,L,04,S,03,E,,Y,,,I,N,N,D,1,0,1,0,22350.0,1,39.19512719,-120.19691196,3
2011,2011-05-17,1056,5,1,10,2,N,B,N,B,H,A,J,49,S,22,F,,,,,A,N,N,D,1,0,0,0,,1,38.75742433,-121.16400182,4
2011,2011-07-07,1926,7,2,19,4,N,A,N,A,H,A,C,02,E,03,E,,,Y,,E,Y,N,D,1,0,0,1,22350.0,2,38.90554579,-121.06535879,4
2011,2011-06-08,2245,6,2,22,3,N,A,N,A,H,D,A,01,N,01,E,,,,,I,Y,N,D,1,0,0,0,23152.0,1,38.9661347,-121.02512426,4
2011,2011-06-08,100,6,2,1,3,N,A,N,A,H,C,A,01,W,01,E,,,,,I,Y,N,A,1,0,0,0,23152.0,1,38.83890516,-121.34931886,4
2011,2011-06-13,340,6,2,3,1,N,A,N,A,H,D,A,01,N,08,E,,,,,I,Y,N,D,1,0,0,0,22107.0,1,38.94936492,-121.29344344,4
2011,2011-06-09,1555,6,2,15,4,N,A,N,A,H,A,A,07,E,05,E,,,,,I,Y,N,D,3,0,0,0,21650.0,1,38.82538808,-121.15854469,3
2011,2011-06-07,1700,6,2,17,2,N,A,Y,A,H,A,A,01,N,03,C,,,,,C,N,N,A,2,0,0,0,22350.0,2,38.78417516,-121.27955311,4
2011,2011-06-06,745,6,2,7,1,N,B,Y,A,H,A,A,01,N,03,E,,,,,I,Y,N,D,1,0,0,0,22350.0,1,38.78891002,-121.28857747,4
2011,2011-06-27,1420,6,2,14,1,N,A,Y,A,H,A,A,07,E,07,C,,,,,C,Y,N,D,2,0,0,0,21658.0,2,39.28788559,-120.69461946,3