ACCIDENT_YEAR,COLLISION_DATE,COLLISION_TIME,MONTH,SEASON,24HOURS,DAY_OF_WEEK,INTERSECTION,WEATHER_1,STATE_HWY_IND,ROAD_SURFACE,ROAD_COND_1,LIGHTING,STWD_VEHTYPE_AT_FAULT,CHP_VEHTYPE_AT_FAULT,DIRECTION,PCF_VIOL_CATEGORY,TYPE_OF_COLLISION,PEDESTRIAN_ACCIDENT,BICYCLE_ACCIDENT,MOTORCYCLE_ACCIDENT,TRUCK_ACCIDENT,MVIW,TOW_AWAY,HIT_AND_RUN,CONTROL_DEVICE,NUMBER_INJURED,COUNT_PED_INJURED,COUNT_BICYCLIST_INJURED,COUNT_MC_INJURED,PCF_VIOLATION,PARTY_COUNT,POINT_Y,POINT_X,COLLISION_SEVERITY
2012,2012-05-14,1607,5,1,16,1,N,A,N,A,H,A,A,01,S,07,B,,,,,C,Y,N,D,2,0,0,0,21658.0,5,38.76276448,-121.22315502,3
2012,2012-05-17,1513,5,1,15,4,N,A,Y,A,H,A,D,22,S,09,A,,,,,C,Y,N,D,2,0,0,0,21801.0,2,39.09400599,-120.16404177,3
2012,2012-05-20,1020,5,1,10,7,Y,A,N,A,H,A,L,04,,03,F,,Y,Y,,G,N,N,D,2,0,1,1,22350.0,2,39.08117506,-120.96829315,3
2012,2012-04-28,2120,4,1,21,6,N,A,Y,A,H,C,A,01,W,10,G,Y,,,,B,N,F,D,1,1,0,0,21950.0,2,39.17196092,-120.13971469,2
2012,2012-05-23,820,5,1,8,3,Y,A,N,A,H,A,A,01,,12,A,,,,,C,Y,N,A,1,0,0,0,21453.0,2,38.79606502,-121.29182305,4
2012,2012-05-18,1800,5,1,18,5,N,A,N,A,H,A,A,07,W,- ,H,,,,,C,N,N,A,1,0,0,0,,2,38.75448308,-121.28450731,4
2012,2012-05-15,1540,5,1,15,2,Y,A,N,A,H,A,D,22,,03,C,,,,,C,Y,N,A,1,0,0,0,22350.0,3,38.75290508,-121.28798315,3
2012,2012-05-21,1455,5,1,14,1,-,A,N,A,H,A,-,- ,,08,H,,Y,,,G,N,N,D,1,0,1,0,22107.0,2,38.79540387,-121.26590699,3
2012,2012-05-20,315,5,1,3,7,N,A,Y,A,H,D,E,22,E,08,E,,,,,I,Y,N,D,1,0,0,0,22107.0,1,39.24464827,-120.74780196,4
2012,2012-05-22,145,5,1,1,2,N,A,Y,A,H,C,D,22,E,08,F,,,,,I,Y,N,D,1,0,0,0,22107.0,1,38.87816659,-121.1245918,3
2012,2012-05-18,110,5,1,1,5,N,A,Y,A,D,D,A,01,E,01,C,,,,Y,C,Y,M,A,1,0,0,0,23152.0,2,38.93627244,-121.05354111,3
2012,2012-05-20,2345,5,1,23,7,Y,A,N,A,H,D,D,22,,01,E,,,,,I,Y,N,D,1,0,0,0,23152.0,1,38.94111512,-121.29344306,3
2012,2012-05-17,1550,5,1,15,4,N,A,N,A,H,A,L,04,E,05,D,,Y,,Y,G,N,N,D,1,0,1,0,21650.0,2,39.22798944,-120.00765558,3
2012,2012-05-24,1449,5,1,14,4,Y,A,N,A,H,A,-,- ,,03,C,,,,,C,Y,N,A,2,0,0,0,22350.0,2,38.77392503,-121.21044309,4
2012,2012-05-30,1905,5,1,19,3,N,A,N,A,H,A,N,60,,- ,G,Y,,,,B,N,N,D,1,1,0,0,,2,,,3
2012,2012-05-26,1325,5,1,13,6,N,C,Y,C,H,A,A,01,W,03,F,,,,,A,Y,N,D,1,0,0,0,22350.0,1,39.22738523,-120.76315308,4
2012,2012-05-16,1930,5,1,19,3,N,A,Y,A,H,A,A,01,E,01,E,,,,,I,Y,N,D,1,0,0,0,23152.0,1,38.88415031,-121.10173939,3
2012,2012-05-15,2200,5,1,22,2,N,A,Y,A,H,D,-,- ,W,18,H,,,,,H,Y,N,D,1,0,0,0,,1,38.85313796,-121.14525129,4
2012,2012-05-12,1830,5,1,18,6,Y,A,N,A,H,A,A,07,,09,D,,,,,C,Y,N,D,2,0,0,0,21801.0,3,38.74804504,-121.22648313,4
2012,2012-05-07,1605,5,1,16,1,N,A,N,A,H,A,A,07,N,03,C,,,,,C,Y,N,D,1,0,0,0,22350.0,3,38.73662131,-121.17057174,4
2012,2012-05-06,1255,5,1,12,7,N,A,Y,A,H,A,C,02,S,08,E,,,Y,,C,Y,N,D,1,0,0,1,22107.0,1,38.9001211,-121.05824138,3
2012,2012-05-23,1225,5,1,12,3,N,A,N,A,H,A,-,- ,W,18,H,,,,,H,Y,N,D,1,0,0,0,,1,38.74413317,-121.19290463,3
2012,2012-05-18,1845,5,1,18,5,N,A,N,A,H,A,A,01,N,21,C,,,,,C,N,N,A,2,0,0,0,22106.0,2,38.93384925,-121.05630219,4
2012,2012-05-21,1317,5,1,13,1,N,A,N,A,H,A,A,01,S,03,C,,,,,C,Y,N,A,2,0,0,0,22350.0,3,38.82197034,-121.28254563,3
2012,2012-05-26,1209,5,1,12,6,Y,B,N,A,H,A,A,01,,12,D,,,,,C,N,N,A,1,0,0,0,21453.0,2,38.78401505,-121.20542307,4
2012,2012-05-04,1711,5,1,17,5,Y,A,N,A,H,A,A,01,,12,D,,,,,C,Y,N,A,1,0,0,0,21453.0,2,38.875599,-121.303602,4
2012,2012-05-24,1216,5,1,12,4,N,A,Y,A,H,A,C,02,N,03,H,,,Y,,-,Y,N,A,1,0,0,1,22350.0,1,38.9134745,-121.07793352,2
2012,2012-05-11,1750,5,1,17,5,N,A,Y,A,H,A,A,08,E,03,C,,,,,C,Y,N,D,1,0,0,0,22350.0,2,38.76784509,-121.25181813,4
2012,2012-05-14,1715,5,1,17,1,N,A,N,A,H,A,A,01,W,08,E,,,,,I,Y,N,D,1,0,0,0,22107.0,1,38.81123946,-121.15140072,4
2012,2012-05-11,1610,5,1,16,5,N,A,Y,A,H,A,A,01,W,03,C,,,,,C,Y,N,D,1,0,0,0,22350.0,3,38.76752374,-121.25232834,4
2012,2012-05-16,1245,5,1,12,3,N,A,Y,A,H,A,A,01,W,07,B,,,,,C,Y,N,D,1,0,0,0,21658.0,2,39.01468699,-120.98924467,4
2012,2012-05-11,118,5,1,1,5,N,A,N,A,H,D,A,01,W,01,E,,,,,I,Y,N,D,1,0,0,0,23152.0,1,39.04448883,-120.9804053,3
2012,2012-06-28,305,6,2,3,4,N,A,Y,A,H,C,A,01,W,08,E,,,,,I,Y,N,D,1,0,0,0,22107.0,1,39.17438898,-120.85881019,1
2012,2012-08-12,2346,8,2,23,7,N,A,N,A,H,D,-,- ,W,00,C,,,,Y,C,Y,N,D,0,0,0,0,,2,38.81620066,-121.28773326,1
2012,2012-07-28,1805,7,2,18,6,N,A,Y,A,H,A,C,02,E,05,A,,,Y,,C,Y,N,D,0,0,0,0,21460.0,2,38.88663794,-121.20839396,1
2012,2012-08-12,930,8,2,9,7,N,A,N,A,H,A,C,02,S,08,E,,,Y,,I,Y,N,D,0,0,0,0,22107.0,1,,,1
2012,2012-09-22,841,9,3,8,6,N,A,Y,A,H,A,C,02,S,05,D,,,Y,,C,Y,N,D,1,0,0,0,21460.0,2,39.2585451,-120.06475754,1
2012,2012-09-07,815,9,3,8,5,N,A,Y,A,H,A,A,01,N,08,D,,,,Y,C,Y,N,D,1,0,0,0,22107.0,3,38.9900854,-121.11000872,1
2012,2012-11-23,2230,11,3,22,5,N,A,Y,A,H,D,N,60,N,11,G,Y,,,,B,Y,N,D,0,0,0,0,21954.0,2,38.93765936,-121.09561676,1
2012,2012-11-26,740,11,3,7,1,N,A,Y,C,H,B,A,07,N,03,E,,,,,I,Y,N,D,1,0,0,0,22350.0,1,39.16499867,-120.17342146,1
2012,2012-11-12,752,11,3,7,1,N,A,N,A,H,A,N,60,E,11,G,Y,,,,B,N,N,A,0,0,0,0,21954.0,2,38.7439365,-121.2105866,1
2012,2012-08-28,1401,8,2,14,2,N,A,Y,A,D,A,A,01,S,01,E,,,,,I,N,N,A,0,0,0,0,23152.0,1,38.8698194,-121.29939557,1
2012,2012-11-14,615,11,3,6,3,N,A,N,A,H,B,A,01,N,01,A,,,,,C,Y,N,D,2,0,0,0,23152.0,3,38.86386415,-121.223514,1
2012,2012-08-01,1702,8,2,17,3,N,A,N,A,H,A,C,02,S,08,E,,,Y,,I,Y,N,D,1,0,0,1,22107.0,1,38.77792696,-121.30558973,1
2013,2013-02-03,1935,2,4,19,7,N,A,N,A,H,D,A,07,N,08,E,,,,,I,Y,N,D,4,0,0,0,22107.0,1,38.8621431,-121.1015512,1
2012,2012-05-30,950,5,1,9,3,Y,A,N,A,H,A,A,01,,12,D,,,,,C,Y,N,A,1,0,0,0,21453.0,2,38.74406505,-121.18920302,3
2012,2012-05-25,933,5,1,9,5,N,A,N,A,H,A,D,22,N,03,C,,Y,,,G,N,N,D,1,0,1,0,22350.0,2,38.83576181,-121.16858315,3
2012,2012-06-04,1050,6,2,10,1,N,B,N,B,H,A,D,22,E,08,E,,,,,I,Y,N,D,1,0,0,0,22107.0,1,38.91627389,-121.09823406,3
2012,2012-05-28,1500,5,1,15,1,N,A,N,A,H,A,-,- ,S,18,E,,,,,A,Y,N,D,1,0,0,0,,1,38.72742719,-121.18283876,4
2012,2012-06-02,1715,6,2,17,6,N,A,Y,A,H,A,A,01,N,03,C,,,,,C,N,N,D,1,0,0,0,22350.0,2,38.942673,-121.09741293,4
2012,2012-06-03,245,6,2,2,7,N,A,Y,A,H,C,C,02,W,01,F,,,Y,,A,N,N,D,1,0,0,1,23152.0,1,38.76411516,-121.2577431,4
2012,2012-06-01,1150,6,2,11,5,N,A,N,A,H,A,A,01,N,09,D,,,,,C,Y,N,D,1,0,0,0,21801.0,2,38.75659024,-121.19188987,4
2012,2012-06-01,1520,6,2,15,5,N,A,Y,A,H,A,A,01,N,03,C,,,,,C,Y,N,D,1,0,0,0,22350.0,2,38.90138526,-121.29959442,4
2012,2012-06-01,1100,6,2,11,5,N,A,N,A,H,A,A,01,W,08,F,,,,,A,Y,N,D,1,0,0,0,22107.0,1,38.75169104,-121.41495377,4
2012,2012-05-28,2215,5,1,22,1,N,A,N,A,H,C,A,01,S,21,C,,,,,C,N,N,A,1,0,0,0,22106.0,2,38.8172402,-121.30407394,4
2012,2012-05-27,2300,5,1,23,7,N,A,N,A,H,D,A,01,N,08,E,,,,,I,Y,N,D,1,0,0,0,22107.0,1,38.85407274,-121.20954536,3
2012,2012-05-12,38,5,1,0,6,N,A,N,A,H,D,A,07,S,01,A,,,,,C,Y,N,D,3,0,0,0,23152.0,3,38.72720976,-121.17519871,2
2012,2012-05-26,1940,5,1,19,6,N,B,N,B,H,B,A,01,E,01,E,,,,,I,Y,N,D,1,0,0,0,23152.0,1,38.91573963,-121.09750092,2
2012,2012-05-04,2158,5,1,21,5,N,A,N,A,H,D,A,07,S,01,E,,,,,I,Y,N,D,2,0,0,0,23152.0,1,38.72710814,-121.17524185,3
2012,2012-06-08,655,6,2,6,5,N,A,N,A,H,A,A,01,S,08,F,,,,,A,Y,N,D,1,0,0,0,22107.0,1,39.20198694,-120.79520881,3
2012,2012-06-04,2155,6,2,21,1,N,B,Y,B,H,D,A,01,E,08,E,,,,,I,Y,N,D,1,0,0,0,22107.0,1,39.20170649,-120.81230196,4
2012,2012-05-09,905,5,1,9,3,N,A,N,A,H,A,A,01,S,12,G,Y,,,,B,N,N,A,3,3,0,0,22450.0,4,38.87722771,-121.2736024,3
2012,2012-05-09,731,5,1,7,3,Y,A,N,A,H,A,A,07,,10,G,Y,,,,B,N,N,A,1,1,0,0,21950.0,2,38.88915501,-121.30814305,3
2012,2012-05-31,1745,5,1,17,4,-,A,Y,A,H,A,A,07,,07,B,,,Y,,C,N,N,D,1,0,0,1,21658.0,2,38.87583308,-121.29685731,4
2012,2012-04-23,1505,4,1,15,1,Y,A,N,A,H,A,A,01,,10,G,Y,,,,B,N,F,A,1,1,0,0,21950.0,2,38.82511506,-121.19241303,4
2012,2012-05-09,1414,5,1,14,3,N,A,N,A,H,A,A,07,N,01,E,,,,,I,Y,N,D,2,0,0,0,23152.0,1,38.90520944,-121.3228888,3
2012,2012-06-04,1345,6,2,13,1,-,B,N,B,H,A,A,07,,03,E,,,,,I,Y,N,A,1,0,0,0,22350.0,1,38.81853687,-121.28079772,4
2012,2012-06-02,1530,6,2,15,6,N,A,Y,A,H,A,A,01,N,21,C,,,Y,,C,Y,N,A,1,0,0,1,22106.0,2,38.87767565,-121.29605676,4
2012,2012-05-29,1717,5,1,17,2,N,A,Y,A,H,A,-,- ,S,03,C,,,,,C,Y,N,A,6,0,0,0,22350.0,5,38.90673006,-121.07675482,3
2012,2012-05-20,1833,5,1,18,7,N,A,N,A,H,A,-,- ,W,17,E,,,,,I,Y,N,D,1,0,0,0,21663.0,1,38.8717684,-121.0846002,3
2012,2012-06-18,1512,6,2,15,1,N,A,N,A,H,A,I,11,W,07,B,,,Y,,C,N,N,D,1,0,0,1,21658.0,2,38.8164345,-121.28802001,3
2012,2012-06-08,1100,6,2,11,5,Y,A,Y,A,H,A,D,22,,12,D,,,,,C,Y,N,A,1,0,0,0,21453.0,2,38.81437285,-121.30011954,4
2012,2012-06-03,1040,6,2,10,7,N,A,Y,A,H,A,L,04,S,03,E,,Y,,,I,N,N,D,1,0,1,0,22350.0,1,39.19587063,-120.19747217,3
2012,2012-06-05,748,6,2,7,2,N,A,Y,C,H,A,A,07,S,03,E,,,,,I,Y,N,D,1,0,0,0,22350.0,1,39.26045803,-120.07124036,4
2012,2012-06-09,2345,6,2,23,6,N,A,N,A,H,D,A,07,N,01,E,,,,,I,Y,N,D,1,0,0,0,23152.0,1,39.07387469,-120.97137094,3
2012,2012-06-04,2240,6,2,22,1,N,C,N,B,H,D,A,01,E,01,F,,,,,I,Y,N,A,2,0,0,0,23153.0,1,39.14548446,-120.92507015,4
2012,2012-05-29,1355,5,1,13,2,N,A,N,A,H,A,D,22,W,03,C,,,,,C,N,N,A,1,0,0,0,22350.0,2,38.94474061,-121.04532225,4
2012,2012-06-07,1640,6,2,16,4,Y,A,N,A,H,A,A,07,,09,D,,,,,C,Y,N,D,2,0,0,0,21802.0,2,38.80798505,-121.13047314,4
2012,2012-06-07,1915,6,2,19,4,N,A,N,A,H,A,A,01,W,08,E,,,,,I,Y,N,D,1,0,0,0,22107.0,1,38.76681089,-121.19717344,4
2012,2012-06-07,539,6,2,5,4,N,A,N,A,H,A,C,02,N,03,F,,,Y,,A,N,N,D,1,0,0,1,22350.0,1,38.94884704,-121.1603086,2
2012,2012-06-11,1345,6,2,13,1,N,A,Y,A,H,A,A,07,S,08,D,,,,,C,N,N,D,1,0,0,0,22107.0,2,38.77473753,-121.25995776,4
2012,2012-06-10,1345,6,2,13,7,N,A,Y,A,H,A,A,01,N,21,C,,,,,C,N,N,A,1,0,0,0,22106.0,2,38.94224983,-121.09728563,4
2012,2012-06-08,1355,6,2,13,5,N,A,Y,A,H,A,A,07,N,08,F,,,,,A,Y,N,D,1,0,0,0,22107.0,1,38.78677025,-121.28478432,2
2012,2012-06-12,955,6,2,9,2,N,A,N,A,H,A,C,02,E,08,E,,,Y,,I,Y,N,D,2,0,0,2,22107.0,1,38.9366742,-120.99919438,3
2012,2012-06-15,15,6,2,0,5,N,A,N,A,H,D,A,08,W,01,E,,,,,I,Y,N,D,1,0,0,0,23152.0,1,38.90991712,-121.09122695,3
2012,2012-06-13,1530,6,2,15,3,N,A,Y,A,H,A,E,22,E,17,H,,,,,A,Y,N,D,1,0,0,0,23114.0,2,38.9482241,-121.04312592,3
2012,2012-06-08,2015,6,2,20,5,N,A,Y,A,H,B,D,22,W,07,E,,,,,I,Y,N,D,1,0,0,0,21658.0,1,38.85296487,-121.14569848,4
2012,2012-06-18,740,6,2,7,1,Y,A,N,A,H,A,D,22,,12,D,,,,,C,Y,N,A,1,0,0,0,21453.0,2,38.94222509,-121.07936313,4
2012,2012-06-21,1820,6,2,18,4,N,A,Y,A,H,A,A,01,W,03,C,,,,,C,Y,N,D,1,0,0,0,22350.0,2,38.75377516,-121.2643331,4
2012,2012-06-11,950,6,2,9,1,N,A,N,A,H,A,A,01,W,03,C,,,,,C,Y,N,D,1,0,0,0,22350.0,2,39.01888446,-120.82787716,4
2012,2012-06-11,1542,6,2,15,1,N,A,N,A,H,A,A,01,N,01,E,,,,,I,Y,N,D,2,0,0,0,23152.0,2,38.72510401,-121.17548535,4
2012,2012-06-17,951,6,2,9,7,Y,A,N,A,H,A,N,60,,11,G,Y,,,,B,N,N,A,1,1,0,0,21950.0,2,38.89527512,-121.07113301,4
2012,2012-06-16,744,6,2,7,6,N,A,Y,A,H,A,C,02,S,03,F,,,Y,,A,N,N,D,1,0,0,1,22350.0,1,38.90765788,-121.05170002,2
2012,2012-06-18,615,6,2,6,1,N,A,N,A,C,A,C,02,W,03,F,,,Y,,A,Y,N,D,1,0,0,1,22350.0,1,38.9776475,-121.0110024,4
2012,2012-06-20,1405,6,2,14,3,N,A,Y,A,H,A,A,01,N,03,C,,,,,C,Y,N,D,2,0,0,0,22350.0,2,38.78417516,-121.27955311,4
2012,2012-06-20,1810,6,2,18,3,N,A,N,A,H,A,A,01,W,03,C,,,,,C,Y,N,A,3,0,0,0,22350.0,2,38.83905439,-121.31182462,4
2012,2012-06-14,1535,6,2,15,4,N,A,N,A,H,A,A,01,W,03,C,,,,,C,Y,N,D,1,0,0,0,22350.0,3,38.93660326,-121.0538882,4
2012,2012-06-12,2020,6,2,20,2,N,A,N,A,H,B,A,01,S,01,E,,,,,I,Y,N,D,1,0,0,0,23152.0,1,38.85053783,-121.17983525,3
2012,2012-06-01,2000,6,2,20,5,N,A,Y,A,D,A,A,07,W,03,C,,,,,C,N,N,D,1,0,0,0,22350.0,2,39.31140594,-120.54642186,4
2012,2012-06-16,1330,6,2,13,6,N,A,N,A,H,A,C,02,S,03,E,,,Y,,A,N,N,D,1,0,0,1,22350.0,1,39.06889288,-120.97896241,3
2012,2012-06-15,2218,6,2,22,5,Y,A,N,A,H,C,A,01,,09,D,,,,,C,Y,N,D,1,0,0,0,21801.0,2,38.880351,-121.312962,4
2012,2012-06-14,1640,6,2,16,4,Y,A,N,A,H,A,C,02,,12,D,,,Y,,C,Y,N,A,1,0,0,1,21453.0,2,38.89174508,-121.31357305,4
2012,2012-06-21,706,6,2,7,4,Y,A,Y,A,H,A,A,01,,03,C,,,,,C,Y,N,A,3,0,0,0,22350.0,4,38.87695753,-121.29654883,3
2012,2012-06-25,1308,6,2,13,1,N,A,N,A,H,A,A,07,E,08,E,,,,,I,N,N,D,1,0,0,0,22107.0,1,38.89730512,-121.29930286,3
2012,2012-07-01,1536,7,2,15,7,N,A,Y,A,H,A,C,02,N,- ,H,,,Y,,A,Y,N,D,1,0,0,1,,1,38.85350132,-121.29994312,3
2012,2012-06-23,1251,6,2,12,6,N,A,N,A,H,A,-,- ,N,18,E,,,,,I,N,N,D,1,0,0,0,,1,39.00072761,-120.99235959,4
2012,2012-06-25,1740,6,2,17,1,N,A,Y,A,C,A,D,22,W,08,E,,,,,I,Y,N,D,1,0,0,0,22107.0,1,38.78592756,-121.22591425,4
2012,2012-06-11,1651,6,2,16,1,Y,A,N,A,H,A,A,01,,08,A,,,,,C,N,N,D,3,0,0,0,22107.0,2,38.7998751,-121.26126303,3
2012,2012-06-01,438,6,2,4,5,Y,A,N,A,H,C,D,22,,03,D,,,,,C,Y,N,A,1,0,0,0,22350.0,2,38.90702511,-121.08243307,3
2012,2012-05-24,1323,5,1,13,4,Y,A,N,A,H,A,A,01,,09,D,,,,,C,Y,N,A,2,0,0,0,21802.0,2,38.89662504,-121.07007312,4
2012,2012-05-24,814,5,1,8,4,Y,A,Y,A,H,A,C,02,,03,C,,,Y,,C,N,N,A,1,0,0,1,22350.0,2,38.90413561,-121.07640727,4
2012,2012-06-13,1002,6,2,10,3,N,A,N,A,H,A,D,22,S,08,E,,,,,I,Y,N,D,1,0,0,0,22107.0,1,39.05031802,-120.96738511,3
2012,2012-06-12,1250,6,2,12,2,N,A,N,A,H,A,D,22,W,03,C,,,,,C,Y,N,D,1,0,0,0,22350.0,2,38.92464762,-121.11690771,4
2012,2012-05-24,1202,5,1,12,4,N,A,N,A,H,A,A,07,N,09,B,,,,,C,Y,N,D,3,0,0,0,21801.0,2,38.82569514,-121.12491209,3
2012,2012-05-30,1755,5,1,17,3,N,A,Y,A,H,A,-,- ,W,18,E,,,,,I,Y,N,D,2,0,0,0,,1,38.89157895,-121.08655904,3
2012,2012-05-28,1918,5,1,19,1,N,A,N,A,H,A,C,02,N,03,C,,,Y,,C,Y,N,D,2,0,0,2,22350.0,2,38.71427562,-121.17552102,3
2012,2012-06-06,1805,6,2,18,3,N,A,N,A,H,A,A,01,W,01,E,,,,,J,Y,N,D,1,0,0,0,23152.0,1,38.81347358,-121.16795907,3
2012,2012-06-04,855,6,2,8,1,N,B,Y,B,H,A,G,27,E,03,E,,,,Y,I,Y,N,D,1,0,0,0,22350.0,1,39.24211336,-120.75205231,3
2012,2012-06-16,1620,6,2,16,6,N,A,Y,A,H,A,G,25,E,03,C,,,,Y,C,Y,N,D,2,0,0,0,22350.0,2,39.20577285,-120.79338335,3
2012,2012-06-17,610,6,2,6,7,N,A,Y,A,H,B,A,01,W,08,F,,,,,A,Y,N,D,1,0,0,0,22107.0,1,39.2919016,-120.68218889,4
2012,2012-06-11,1255,6,2,12,1,N,A,Y,A,H,A,A,01,W,08,E,,,,,I,N,N,D,3,0,0,0,22107.0,1,39.31437451,-120.45504075,3
2012,2012-07-08,1915,7,2,19,7,N,A,Y,A,D,A,D,22,W,08,F,,,,,A,Y,N,A,1,0,0,0,22107.0,1,39.31276562,-120.50937407,3
2012,2012-06-30,1028,6,2,10,6,N,A,Y,A,H,A,D,22,N,03,C,,,,,C,N,N,A,2,0,0,0,22350.0,4,38.91104459,-121.07744291,4
2012,2012-06-14,845,6,2,8,4,N,A,Y,A,H,A,A,07,W,01,E,,,,,I,N,N,D,1,0,0,0,23152.0,1,39.23783593,-120.03044684,3
2012,2012-07-03,1740,7,2,17,2,N,A,Y,A,H,A,D,22,S,09,D,,,Y,,C,Y,N,D,1,0,0,1,21801.0,2,39.08202598,-120.15846378,3
2012,2012-06-23,1513,6,2,15,6,N,B,Y,A,H,A,D,22,E,03,C,,,,,C,Y,N,D,2,0,0,0,22350.0,2,39.24074959,-120.0558137,4
2012,2012-07-11,1235,7,2,12,3,Y,A,Y,A,H,A,A,08,,03,C,,,,,C,N,N,A,4,0,0,0,22350.0,3,38.79093516,-121.2196631,4
2012,2012-06-26,2025,6,2,20,2,N,A,N,A,H,D,A,08,E,05,E,,,,,I,Y,N,D,1,0,0,0,21650.0,2,39.01387677,-120.83822124,3
2012,2012-07-05,745,7,2,7,4,N,A,N,A,H,A,G,25,S,03,C,,,,Y,C,N,N,A,1,0,0,0,22350.0,2,38.74375023,-121.2263106,4
2012,2012-06-26,825,6,2,8,2,N,A,N,A,H,A,D,22,W,08,F,,,,,A,Y,N,D,1,0,0,0,22107.0,1,38.82446279,-121.36412044,4
2012,2012-07-06,1210,7,2,12,5,Y,A,N,A,H,A,E,22,,09,A,,,,,C,Y,N,D,2,0,0,0,21801.0,2,38.83224511,-121.16859303,3
2012,2012-07-05,1045,7,2,10,4,Y,A,N,A,H,A,D,22,,09,D,,,,,C,N,N,D,1,0,0,0,21800.0,2,39.23582517,-120.07150292,4
2012,2012-07-11,1615,7,2,16,3,N,A,Y,A,H,A,A,01,W,08,F,,,,,A,Y,N,D,1,0,0,0,22107.0,1,39.26891029,-120.72217631,4
2012,2012-07-10,1134,7,2,11,2,Y,A,N,A,H,A,-,- ,,03,C,,,,,C,Y,N,A,1,0,0,0,22350.0,2,38.79750507,-121.27670317,4
2012,2012-06-23,1510,6,2,15,6,N,A,Y,A,H,A,A,07,W,08,E,,,,,I,Y,N,D,1,0,0,0,22107.0,1,39.23964613,-120.03751414,3
2012,2012-06-23,1705,6,2,17,6,N,A,Y,A,H,A,C,02,S,03,C,,,Y,,C,Y,N,D,1,0,0,1,22350.0,2,39.27333772,-120.20708814,3
2012,2012-07-05,1510,7,2,15,4,N,A,Y,A,H,A,L,04,E,17,F,,Y,,,A,N,N,D,1,0,1,0,23114.0,1,39.16841687,-120.14436324,2
2012,2012-07-10,1910,7,2,19,2,N,A,Y,A,H,A,D,22,W,08,F,,,,,I,Y,N,D,1,0,0,0,22107.0,1,39.31564948,-120.45907435,2
2012,2012-06-21,1735,6,2,17,4,N,A,N,A,H,A,A,01,W,08,B,,,,,C,Y,N,D,1,0,0,0,22100.0,2,38.7288151,-121.36835522,4
2012,2012-06-20,320,6,2,3,3,N,A,N,A,H,D,A,01,S,01,E,,,,,I,Y,N,D,1,0,0,0,23152.0,1,38.75615502,-121.16480445,3
2012,2012-07-09,740,7,2,7,1,N,A,Y,A,H,A,D,22,E,03,C,,,,,C,Y,N,D,2,0,0,0,22350.0,6,38.73205813,-121.28256963,4
2012,2012-07-10,1912,7,2,19,2,N,A,N,A,H,A,D,22,W,01,E,,,,,I,Y,N,D,1,0,0,0,23152.0,1,39.04036263,-120.94901529,3
2012,2012-06-18,1335,6,2,13,1,N,A,N,A,H,A,A,01,W,03,C,,,,,C,N,N,D,1,0,0,0,22350.0,2,38.74427741,-121.19952958,4
2012,2012-06-09,220,6,2,2,6,N,A,N,A,H,D,A,01,W,01,E,,,,,I,Y,F,D,2,0,0,0,23152.0,1,38.78535503,-121.16431902,2
2012,2012-06-15,1550,6,2,15,5,N,A,Y,A,H,A,A,01,W,03,C,,,,,C,N,F,D,3,0,0,0,22350.0,2,38.76398839,-121.25746947,4
2012,2012-06-26,700,6,2,7,2,N,A,Y,A,H,A,A,01,W,03,C,,,,,C,Y,N,D,2,0,0,0,22350.0,3,38.72973166,-121.28507964,3
2012,2012-06-30,1510,6,2,15,6,N,A,N,A,H,A,A,01,W,08,D,,,,,C,Y,N,D,1,0,0,0,22107.0,2,38.99315127,-120.92308933,3
2012,2012-06-28,1720,6,2,17,4,N,A,N,A,H,A,A,01,E,03,C,,,,,C,Y,N,D,3,0,0,0,22350.0,4,38.74349392,-121.17478811,4
2012,2012-06-21,705,6,2,7,4,N,A,N,A,H,A,A,01,S,01,A,,,,,C,Y,N,D,4,0,0,0,23152.0,2,38.74884567,-121.36504853,4
2012,2012-06-23,158,6,2,1,6,N,B,Y,A,H,D,C,02,W,01,E,,,Y,,I,Y,N,D,1,0,0,1,23152.0,1,38.78263904,-121.22976911,3
2012,2012-06-27,1725,6,2,17,3,N,A,N,A,H,A,L,04,E,03,F,,Y,,,A,N,N,D,1,0,1,0,22350.0,1,38.9236668,-121.05894161,2
2012,2012-06-28,23,6,2,0,4,N,A,N,A,H,C,A,08,N,08,A,,,,,E,N,N,D,2,0,0,0,22107.0,3,38.93925613,-121.08385463,3
2012,2012-06-30,1455,6,2,14,6,N,A,N,A,H,A,A,01,N,03,C,,,,,C,Y,N,A,1,0,0,0,22350.0,2,38.71938405,-121.1754352,4
2012,2012-07-10,1505,7,2,15,2,N,A,N,A,H,A,A,01,N,08,E,,,,,I,Y,N,D,1,0,0,0,22107.0,1,38.94217594,-121.12474249,4
2012,2012-07-08,1745,7,2,17,7,N,A,N,A,H,A,A,07,E,03,C,,,,,C,N,N,D,3,0,0,0,22350.0,2,38.81440323,-121.17836029,4
2012,2012-07-09,40,7,2,0,1,Y,A,N,A,H,-,A,07,,08,E,,,,,I,Y,N,D,1,0,0,0,22107.0,1,38.84684509,-121.18235301,4
2012,2012-07-06,1400,7,2,14,5,N,A,Y,A,H,A,A,01,E,03,C,,,,,C,Y,N,D,2,0,0,0,22350.0,2,38.76624362,-121.2543751,4
2012,2012-06-29,1020,6,2,10,5,N,A,Y,A,H,A,A,01,W,08,E,,,,,I,Y,N,D,1,0,0,0,22107.0,1,38.9145587,-121.06481505,4
2012,2012-06-30,1955,6,2,19,6,Y,A,N,A,H,B,A,07,,01,C,,,,,C,Y,M,A,1,0,0,0,23152.0,2,38.84629511,-121.34941308,3
2012,2012-07-11,1725,7,2,17,3,N,A,Y,A,H,A,A,08,W,03,C,,,,,C,Y,M,D,1,0,0,0,22350.0,3,38.73852254,-121.27546419,4
2012,2012-07-09,500,7,2,5,1,N,A,N,A,H,D,A,01,N,08,F,,,,,A,Y,N,D,1,0,0,0,22107.0,1,38.82325427,-121.30720432,3
2012,2012-07-07,1250,7,2,12,6,N,A,N,A,H,A,A,07,E,03,C,,,,,C,Y,N,A,2,0,0,0,22350.0,2,38.98113253,-121.37304839,4