ACCIDENT_YEAR,COLLISION_DATE,COLLISION_TIME,MONTH,SEASON,24HOURS,DAY_OF_WEEK,INTERSECTION,WEATHER_1,STATE_HWY_IND,ROAD_SURFACE,ROAD_COND_1,LIGHTING,STWD_VEHTYPE_AT_FAULT,CHP_VEHTYPE_AT_FAULT,DIRECTION,PCF_VIOL_CATEGORY,TYPE_OF_COLLISION,PEDESTRIAN_ACCIDENT,BICYCLE_ACCIDENT,MOTORCYCLE_ACCIDENT,TRUCK_ACCIDENT,MVIW,TOW_AWAY,HIT_AND_RUN,CONTROL_DEVICE,NUMBER_INJURED,COUNT_PED_INJURED,COUNT_BICYCLIST_INJURED,COUNT_MC_INJURED,PCF_VIOLATION,PARTY_COUNT,POINT_Y,POINT_X,COLLISION_SEVERITY
2018,2018-08-08,1631,8,2,16,3,N,A,N,A,A,A,A,01,E,09,D,,,,,C,N,N,A,1,0,0,0,21804.0,2,38.72951126098633,-121.27156066894533,3
2018,2018-07-02,1817,7,2,18,1,Y,A,N,A,H,A,A,01,,03,C,,,,,C,Y,N,A,2,0,0,0,22350.0,3,38.73326873779297,-121.25376129150392,4
2018,2018-08-08,1900,8,2,19,3,N,A,N,A,H,A,A,01,W,01,E,,,,,I,Y,N,D,1,0,0,0,23152.0,1,38.7283592224121,-121.28453063964844,3
2018,2018-07-15,1752,7,2,17,7,N,A,N,A,D,A,A,01,S,08,B,,,,,C,Y,N,A,1,0,0,0,22107.0,2,38.77318572998047,-121.30354309082033,3
2018,2018-07-14,1435,7,2,14,6,N,A,N,A,H,A,A,01,S,03,C,,,,,C,N,N,A,1,0,0,0,22350.0,2,38.75061798095703,-121.26350402832033,4
2018,2018-07-15,1520,7,2,15,7,N,A,N,A,H,A,A,01,W,09,D,,,,,C,N,N,D,2,0,0,0,21801.0,2,38.751850128173835,-121.31065368652344,3
2018,2018-08-01,840,8,2,8,3,N,B,N,A,H,A,A,08,N,08,D,,,,,C,Y,N,D,2,0,0,0,22103.0,2,38.77901077270508,-121.2843017578125,3
2018,2018-08-02,1812,8,2,18,4,Y,A,N,A,H,A,A,01,,09,D,,,,,C,Y,N,A,1,0,0,0,21802.0,2,38.73175048828125,-121.27205657958984,2
2018,2018-08-22,848,8,2,8,3,Y,A,N,A,H,A,L,04,,05,D,,Y,,,G,N,N,A,1,0,1,0,21650.0,2,38.77886962890625,-121.30094146728516,3
2018,2018-08-21,850,8,2,8,2,N,B,N,A,H,A,A,07,W,21,D,,,,,C,N,N,D,1,0,0,0,22106.0,2,38.73779296875,-121.2541732788086,4
2018,2018-08-25,2153,8,2,21,6,Y,A,N,A,H,C,A,01,,12,D,,,,,C,Y,N,A,1,0,0,0,21453.0,2,38.74409866333008,-121.26619720458984,3
2018,2018-08-24,1308,8,2,13,5,Y,A,N,A,H,A,A,01,,12,D,,,Y,,C,Y,N,A,1,0,0,1,21453.0,2,38.7271614074707,-121.27205657958984,4
2018,2018-08-24,1734,8,2,17,5,Y,A,N,A,H,A,A,01,,09,D,,,,,C,Y,N,D,1,0,0,0,21801.0,2,38.73046112060546,-121.2227783203125,4
2018,2018-08-23,1911,8,2,19,4,Y,A,N,A,H,A,-,,,- ,C,,,,,C,Y,F,D,5,0,0,0,,3,38.75391006469727,-121.2878875732422,4
2018,2018-08-28,1612,8,2,16,2,N,A,N,A,H,A,N,60,W,11,G,Y,,,,B,N,N,D,1,1,0,0,21950.0,2,38.75923538208008,-121.29115295410156,3
2018,2018-07-09,1851,7,2,18,1,N,A,N,A,H,A,A,01,N,03,C,,,,,C,Y,N,D,1,0,0,0,22350.0,2,38.79395294189453,-121.3586883544922,4
2018,2018-08-27,1840,8,2,18,1,Y,A,N,A,H,A,A,01,,09,D,,,,,C,Y,N,D,1,0,0,0,21801.0,2,38.72956085205078,-121.26448059082033,4
2018,2018-08-11,1330,8,2,13,6,Y,A,N,A,H,A,A,01,,09,D,,,,,C,Y,N,A,1,0,0,0,21801.0,2,38.78165054321289,-121.28720092773438,3
2018,2018-08-27,1014,8,2,10,1,N,A,N,A,H,A,A,01,W,08,C,,,,,C,Y,N,D,2,0,0,0,22107.0,2,38.744304656982415,-121.2405014038086,4
2018,2018-12-17,645,12,4,6,1,Y,B,N,B,H,A,D,22,,03,C,,,,,C,N,N,A,2,0,0,0,22350.0,3,38.77260971069336,-121.31288146972656,4
2018,2018-08-26,2146,8,2,21,7,Y,A,N,A,H,C,A,01,,01,E,,,,,I,Y,N,A,2,0,0,0,23153.0,1,38.744388580322266,-121.24710083007812,3
2018,2018-12-16,1551,12,4,15,7,N,B,N,B,H,B,D,22,N,03,E,,,,,I,Y,N,A,1,0,0,0,22350.0,1,38.72286224365234,-121.22571563720705,4
2018,2018-08-26,1905,8,2,19,7,N,A,N,A,H,A,C,02,E,07,C,,,Y,,C,Y,N,A,1,0,0,1,21658.0,2,38.78657150268555,-121.28388214111328,4
2018,2018-08-26,1535,8,2,15,7,N,A,N,A,H,A,A,01,S,08,F,,,,,I,Y,N,D,1,0,0,0,22107.0,1,38.72700881958008,-121.30611419677734,4
2018,2018-12-29,1000,12,4,10,6,Y,-,N,A,H,A,L,04,,17,D,,Y,,,G,N,N,A,1,0,1,0,21462.0,2,38.73477935791016,-121.25376892089844,4
2018,2018-08-30,749,8,2,7,4,N,A,N,A,H,A,A,07,N,03,C,,,,,C,Y,N,D,2,0,0,0,22350.0,4,38.74197769165039,-121.29315948486328,4
2018,2018-12-23,2000,12,4,20,7,Y,C,N,B,H,C,I,11,,08,D,,,,,C,Y,N,A,2,0,0,0,22107.0,2,38.72951126098633,-121.27208709716795,4
2018,2018-08-01,2115,8,2,21,3,Y,A,N,-,H,C,A,01,,01,D,,,,,C,Y,F,A,3,0,0,0,23152.0,2,38.73678970336913,-121.22599029541016,4
2018,2018-09-26,1611,9,3,16,3,N,A,N,A,H,A,A,01,W,03,E,,,,,I,Y,N,D,1,0,0,0,22350.0,1,38.75186920166016,-121.31671142578124,3
2018,2018-09-07,1420,9,3,14,5,N,A,N,A,H,A,A,01,E,08,E,,,,,I,Y,N,A,1,0,0,0,22107.0,1,38.776851654052734,-121.3539810180664,4
2018,2018-07-29,2333,7,2,23,7,N,A,N,A,H,C,A,01,N,07,E,,,,,I,Y,N,A,1,0,0,0,21658.0,1,38.782493591308594,-121.29358673095705,3
2018,2018-09-30,1815,9,3,18,7,Y,A,N,A,H,B,A,01,,12,D,,,,,C,Y,N,A,2,0,0,0,21453.0,2,38.7723503112793,-121.27301788330078,3
2018,2018-09-07,1506,9,3,15,5,N,A,N,A,H,A,A,07,W,08,B,,,,,C,N,N,D,1,0,0,0,22107.0,2,38.74409866333008,-121.266845703125,4
2018,2018-07-30,1432,7,2,14,1,N,B,N,A,H,A,A,01,E,03,C,,,,,C,N,N,A,2,0,0,0,22350.0,2,38.7955207824707,-121.31358337402344,4
2018,2018-09-02,1825,9,3,18,7,Y,A,N,A,H,A,A,01,,03,C,,,,,C,N,N,A,1,0,0,0,22350.0,2,38.729358673095696,-121.2947006225586,3
2018,2018-09-10,822,9,3,8,1,N,A,N,A,H,A,L,04,N,05,D,,Y,,,G,N,N,A,1,0,1,0,21650.0,2,38.72937774658203,-121.29045867919922,3
2018,2018-07-30,1750,7,2,17,1,N,A,N,A,H,A,A,01,W,09,D,,,,,C,Y,N,D,2,0,0,0,21801.0,2,38.749778747558594,-121.24905395507812,4
2018,2018-08-22,2349,8,2,23,3,N,A,N,A,H,-,A,07,N,08,E,,,,,I,Y,N,D,1,0,0,0,22107.0,1,38.77971267700195,-121.28363037109376,3
2018,2018-09-10,1338,9,3,13,1,N,A,N,A,H,A,A,01,E,03,C,,,,,C,Y,N,A,1,0,0,0,22350.0,2,38.776397705078125,-121.27879333496094,4
2018,2018-07-25,227,7,2,2,3,-,A,N,A,-,C,-,99,,09,E,,,,,I,Y,N,A,1,0,0,0,21453.0,2,38.72951126098633,-121.27208709716795,3
2018,2018-09-10,1421,9,3,14,1,N,A,N,A,H,A,A,07,N,03,C,,,,,C,N,N,A,1,0,0,0,22350.0,3,38.76506423950195,-121.22270965576172,4
2018,2018-07-25,1550,7,2,15,3,N,A,N,A,H,A,A,01,S,06,B,,,,,C,N,F,D,1,0,0,0,21750.0,2,38.760196685791016,-121.25704956054688,4
2018,2018-08-23,1235,8,2,12,4,N,A,N,A,H,A,A,07,W,09,F,,,Y,,A,Y,N,A,1,0,0,1,21804.0,2,38.790775299072266,-121.28736114501952,3
2018,2018-09-11,1934,9,3,19,2,N,A,N,A,H,B,A,01,E,03,C,,,,,C,N,N,A,2,0,0,0,22350.0,2,38.77260971069336,-121.31281280517578,3
2018,2018-07-25,1747,7,2,17,3,N,A,N,A,H,A,A,01,N,09,D,,,,,C,Y,N,D,1,0,0,0,21804.0,2,38.75859832763672,-121.2585906982422,4
2018,2018-08-07,658,8,2,6,2,N,A,N,A,H,A,A,01,N,08,A,,,,,C,N,N,A,1,0,0,0,22107.0,2,38.76480865478516,-121.30996704101562,3
2018,2018-09-12,912,9,3,9,3,N,B,N,A,H,A,F,27,W,08,B,,,,Y,C,N,N,A,1,0,0,0,22107.0,2,38.7337646484375,-121.26895141601562,4
2018,2018-07-25,1858,7,2,18,3,Y,A,N,A,H,A,A,01,,12,D,,,,,C,Y,N,A,1,0,0,0,21453.0,3,38.72610855102539,-121.24920654296876,3
2018,2018-08-07,1632,8,2,16,2,N,A,N,A,H,A,A,01,E,03,C,,,,,C,Y,N,A,2,0,0,0,22350.0,3,38.76200866699219,-121.25537872314452,4
2018,2018-09-12,1441,9,3,14,3,N,B,N,A,H,A,A,01,S,03,C,,,,,C,N,N,A,3,0,0,0,22350.0,3,38.77241897583008,-121.31288146972656,3
2018,2018-07-10,30,7,2,0,2,N,A,N,A,H,C,A,01,W,08,E,,,,,I,Y,N,D,1,0,0,0,22107.0,1,38.7681999206543,-121.33773803710938,4
2018,2018-08-19,14,8,2,0,7,Y,A,N,A,H,C,A,01,,12,D,,,,,C,Y,N,A,3,0,0,0,21453.0,2,38.77389907836913,-121.3037567138672,4
2018,2018-09-12,1926,9,3,19,3,Y,A,N,A,H,C,A,01,,01,D,,,Y,,C,Y,N,A,1,0,0,1,23152.0,2,38.7440185546875,-121.27436065673828,3
2018,2018-07-23,1149,7,2,11,1,N,A,N,A,H,A,A,07,N,03,C,,,,,C,Y,N,A,2,0,0,0,22350.0,4,38.727420806884766,-121.27206420898438,3
2018,2018-08-20,1420,8,2,14,1,N,A,N,A,H,A,A,07,W,08,C,,,,,E,Y,N,D,1,0,0,0,22107.0,2,38.78775024414063,-121.34730529785156,3
2018,2018-09-12,2048,9,3,20,3,Y,A,N,A,H,C,L,04,,12,D,,Y,,,G,Y,N,A,1,0,1,0,21453.0,2,38.748340606689446,-121.24778747558594,2
2018,2018-07-19,1529,7,2,15,4,Y,A,N,A,H,A,M,94,,09,D,,,,,C,N,N,D,1,0,0,0,21802.0,2,38.75019073486328,-121.28021240234376,3
2018,2018-08-16,740,8,2,7,4,Y,A,N,A,H,A,-,99,,12,D,,Y,,,G,N,F,A,1,0,1,0,22450.0,2,38.763710021972656,-121.32263946533205,4
2018,2018-09-17,1800,9,3,18,1,Y,A,N,A,H,A,A,01,,03,C,,,,,C,Y,N,A,1,0,0,0,22350.0,3,38.729358673095696,-121.2947006225586,4
2018,2018-07-22,1542,7,2,15,7,N,A,N,A,H,A,A,01,S,03,C,,,,,C,N,F,D,1,0,0,0,22350.0,2,38.73551940917969,-121.2720184326172,4
2018,2018-08-08,1608,8,2,16,3,N,A,N,A,H,A,A,01,W,03,C,,,,,C,N,N,D,2,0,0,0,22350.0,4,38.77322769165039,-121.30648803710938,4
2018,2018-09-18,725,9,3,7,2,N,A,N,A,H,A,A,01,E,03,C,,,,,C,Y,N,D,1,0,0,0,22350.0,3,38.72948455810546,-121.21712493896484,4
2018,2018-07-21,2113,7,2,21,6,Y,A,N,A,H,C,L,04,,11,D,,Y,,,G,N,N,A,1,0,1,0,21456.0,2,38.7227897644043,-121.29042816162108,4
2018,2018-08-08,1445,8,2,14,3,Y,A,N,A,H,A,A,01,,09,D,,,,,C,Y,N,A,2,0,0,0,21801.0,2,38.77756881713867,-121.28485107421876,3
2018,2018-09-18,1048,9,3,10,2,N,A,N,A,H,A,A,01,N,03,C,,,,,C,Y,N,A,1,0,0,0,22350.0,3,38.727298736572266,-121.27206420898438,4
2018,2018-07-22,1730,7,2,17,7,N,A,N,A,H,A,A,01,E,03,C,,,,,C,Y,N,D,4,0,0,0,22350.0,4,38.7955322265625,-121.32022094726562,4
2018,2018-08-14,1920,8,2,19,2,Y,A,N,A,H,A,A,01,,12,D,,,,,C,Y,N,A,2,0,0,0,21453.0,2,38.78953170776367,-121.28182220458984,4
2018,2018-09-18,1703,9,3,17,2,N,A,N,A,H,A,A,01,S,08,D,,,,,C,Y,N,D,1,0,0,0,22107.0,2,38.7576560974121,-121.26786041259766,4
2018,2018-07-10,954,7,2,9,2,Y,A,N,A,H,A,A,01,,12,D,,,,,C,Y,N,A,4,0,0,0,21453.0,3,38.75558090209961,-121.255126953125,3
2018,2018-08-14,1712,8,2,17,2,Y,A,N,A,H,A,A,07,,09,D,,,,,C,Y,N,D,1,0,0,0,21801.0,2,38.77756881713867,-121.28485107421876,4
2018,2018-09-19,1728,9,3,17,3,Y,A,N,A,H,-,A,01,,09,D,,,Y,,C,N,N,D,1,0,0,1,21802.0,2,38.743999481201165,-121.29972839355467,4
2018,2018-07-10,1337,7,2,13,2,Y,A,N,A,H,A,A,07,,12,D,,,,,C,Y,N,A,1,0,0,0,21453.0,3,38.7498893737793,-121.24224853515624,3
2018,2018-08-14,1040,8,2,10,2,N,A,N,A,H,A,A,01,E,12,D,,,,,C,Y,N,A,2,0,0,0,21453.0,2,38.744178771972656,-121.25641632080078,3
2018,2018-09-20,854,9,3,8,4,N,A,N,A,H,A,A,01,E,09,D,,,,,C,Y,N,A,2,0,0,0,21801.0,2,38.74934005737305,-121.25961303710938,3
2018,2018-07-11,1402,7,2,14,3,Y,A,N,A,H,A,A,01,,09,D,,,,,C,Y,N,A,2,0,0,0,21453.0,2,38.7311897277832,-121.22612762451172,3
2018,2018-08-14,1320,8,2,13,2,N,A,N,A,H,A,A,01,W,03,C,,,,,C,Y,N,A,1,0,0,0,22350.0,3,38.770065307617195,-121.26958465576172,4
2018,2018-09-21,2312,9,3,23,5,Y,A,N,A,H,C,A,01,,- ,E,,,,,J,Y,F,A,1,0,0,0,,1,38.72951889038086,-121.30377960205078,3
2018,2018-07-21,1258,7,2,12,6,N,A,N,A,H,A,A,01,S,03,C,,,,,C,Y,N,A,3,0,0,0,22350.0,2,38.743934631347656,-121.26619720458984,3
2018,2018-08-13,1632,8,2,16,1,N,A,N,A,H,A,A,01,N,09,D,,,,,C,N,N,A,1,0,0,0,21801.0,2,38.75328063964844,-121.30947875976562,4
2018,2018-09-22,2055,9,3,20,6,Y,A,N,A,H,C,A,07,,09,D,,,,,C,Y,N,A,1,0,0,0,21801.0,2,38.72951126098633,-121.21923828125,4
2018,2018-07-12,1535,7,2,15,4,N,A,N,A,H,A,A,01,N,09,D,,,,,C,N,N,D,1,0,0,0,21804.0,2,38.76375579833984,-121.25586700439452,4
2018,2018-08-13,1408,8,2,14,1,Y,A,N,A,H,A,A,01,,03,C,,,,,C,N,F,A,1,0,0,0,22350.0,2,38.758148193359375,-121.26790618896484,4
2018,2018-09-23,2252,9,3,22,7,N,A,N,A,H,C,A,01,S,03,E,,,,,I,Y,N,D,1,0,0,0,22350.0,1,38.72959899902344,-121.22610473632812,3
2018,2018-07-12,2200,7,2,22,4,Y,A,N,A,H,C,D,22,,09,A,,,,,C,Y,N,A,1,0,0,0,21453.0,2,38.79520034790039,-121.30046081542967,4
2018,2018-08-10,1642,8,2,16,5,N,A,N,A,H,A,C,02,W,08,D,,,Y,,C,Y,N,D,2,0,0,2,22102.0,2,38.79343795776367,-121.30232238769533,4
2018,2018-09-24,2151,9,3,21,1,N,A,N,A,H,C,C,02,N,03,C,,,Y,,C,Y,N,A,1,0,0,1,22350.0,2,38.73029708862305,-121.2904815673828,4
2018,2018-12-31,712,12,4,7,1,Y,A,N,A,H,A,D,22,,12,D,,,,,C,N,N,A,1,0,0,0,21453.0,2,38.7518310546875,-121.30938720703124,4
2018,2018-12-24,957,12,4,9,1,N,B,N,B,H,A,A,07,E,03,C,,,,,C,N,N,A,1,0,0,0,22350.0,2,38.772605895996094,-121.31253051757812,4
2018,2018-12-04,1101,12,4,11,2,N,B,N,A,H,A,D,22,W,09,D,,,,,C,Y,N,A,3,0,0,0,21801.0,2,38.72954940795898,-121.25666046142578,4
2018,2018-11-07,852,11,3,8,3,N,A,N,A,H,A,A,07,N,08,B,,,,,E,Y,N,D,1,0,0,0,22107.0,1,38.748817443847656,-121.29462432861328,3
2018,2018-11-07,742,11,3,7,3,Y,A,N,A,H,A,L,04,,05,D,,Y,,,G,N,N,A,1,0,1,0,21650.0,2,38.737770080566406,-121.25376129150392,4
2018,2018-11-01,1505,11,3,15,4,N,A,N,A,A,A,A,07,W,12,D,,,,,C,Y,N,A,1,0,0,0,21453.0,2,38.75847625732422,-121.33485412597656,3
2018,2018-11-03,1719,11,3,17,6,N,A,N,A,A,A,D,22,S,09,D,,,Y,,C,N,N,D,1,0,0,1,21804.0,2,38.746406555175774,-121.2727508544922,3
2018,2018-11-30,1155,11,3,11,5,N,B,N,A,-,A,A,08,W,03,C,,,,,C,Y,N,A,1,0,0,0,22350.0,2,38.7755126953125,-121.29544067382812,4
2018,2018-11-29,1753,11,3,17,4,Y,A,N,B,H,C,A,01,,12,D,,,,,C,Y,N,A,2,0,0,0,21453.0,2,38.752490997314446,-121.26782989501952,4
2018,2018-11-29,2035,11,3,20,4,N,A,N,A,H,D,A,01,S,01,B,,,,,C,Y,F,A,2,0,0,0,23152.0,2,38.751712799072266,-121.30939483642578,4
2018,2018-11-30,1658,11,3,16,5,N,A,N,A,H,B,A,01,S,03,C,,,,,C,N,N,D,2,0,0,0,22350.0,3,38.7814826965332,-121.28720855712892,4
2018,2018-11-29,2008,11,3,20,4,N,C,N,B,H,C,A,01,E,03,C,,,,,C,Y,N,A,1,0,0,0,22350.0,2,38.77573013305664,-121.29340362548828,4
2018,2018-11-29,1414,11,3,14,4,Y,C,N,B,H,A,A,01,,05,D,,,,,C,Y,N,D,1,0,0,0,21650.0,2,38.75180816650391,-121.28146362304688,4
2018,2018-11-29,1246,11,3,12,4,Y,C,N,B,H,A,A,07,,03,E,,,,,I,Y,N,A,1,0,0,0,22350.0,1,38.77824020385742,-121.28829193115234,4
2018,2018-11-29,800,11,3,8,4,N,A,N,A,H,A,A,01,N,03,E,,,,,I,Y,N,A,1,0,0,0,22350.0,1,38.77545166015625,-121.38533782958984,4
2018,2018-11-27,1153,11,3,11,2,N,C,N,B,H,A,A,01,E,06,D,,,,,C,Y,N,D,1,0,0,0,21750.0,2,38.76731872558594,-121.29132080078124,3
2018,2018-11-26,1841,11,3,18,1,Y,A,N,A,H,C,A,07,,08,D,,,,,C,Y,N,D,1,0,0,0,22107.0,2,38.765819549560554,-121.24089813232422,4
2018,2018-11-23,1626,11,3,16,5,N,C,N,B,H,C,A,07,E,03,E,,,,,I,Y,N,A,1,0,0,0,22350.0,1,38.720600128173835,-121.24433135986328,3
2018,2018-11-23,701,11,3,7,5,N,C,N,B,H,B,A,07,N,03,A,,,,,C,Y,N,D,1,0,0,0,22350.0,2,38.77243423461913,-121.27313995361328,4
2018,2018-11-22,1739,11,3,17,4,Y,B,N,B,H,C,A,01,,07,B,,,,,C,N,F,A,1,0,0,0,21658.0,3,38.729351043701165,-121.29045867919922,4
2018,2018-11-21,1820,11,3,18,3,Y,C,N,B,H,C,A,01,,03,C,,,,,C,N,N,A,2,0,0,0,22350.0,2,38.78995895385742,-121.26930236816406,4
2018,2018-11-20,2033,11,3,20,2,N,A,N,A,H,C,A,07,E,01,E,,,,,I,Y,N,A,1,0,0,0,23152.0,1,38.77901077270508,-121.28773498535156,4
2018,2018-11-20,1823,11,3,18,2,Y,A,N,A,H,C,F,26,,09,D,,,,Y,C,Y,N,A,1,0,0,0,21804.0,2,38.722259521484375,-121.2419204711914,3
2018,2018-12-18,1450,12,4,14,2,N,A,N,A,H,A,A,01,N,09,D,,,Y,,C,N,N,D,1,0,0,1,21804.0,2,38.74790954589844,-121.27074432373048,4
2018,2018-12-18,1354,12,4,13,2,Y,A,N,A,H,A,A,01,,12,D,,,,,C,Y,N,A,1,0,0,0,21453.0,3,38.729339599609375,-121.29210662841795,4
2018,2018-12-18,804,12,4,8,2,N,A,N,A,H,A,-,- ,S,08,B,,,,,C,N,N,A,1,0,0,0,22107.0,2,38.742225646972656,-121.30918884277344,4
2018,2018-12-21,1335,12,4,13,5,Y,B,N,A,H,A,A,01,,17,D,,,,,C,Y,N,A,1,0,0,0,21461.0,2,38.74430084228516,-121.24037170410156,4
2018,2018-12-21,1432,12,4,14,5,Y,B,N,A,H,A,A,01,,12,D,,,,,C,Y,N,A,4,0,0,0,21453.0,3,38.75843811035156,-121.33479309082033,4
2018,2018-12-21,2023,12,4,20,5,Y,A,N,B,H,C,A,07,,12,D,,,,,C,Y,N,A,2,0,0,0,21453.0,2,38.74427032470703,-121.25921630859376,4
2018,2018-12-22,2113,12,4,21,6,N,A,N,A,H,C,A,07,W,09,D,,,,,C,Y,N,A,2,0,0,0,21801.0,2,38.78413009643555,-121.28821563720705,4
2018,2018-12-30,1453,12,4,14,7,N,A,N,A,H,A,A,01,N,05,A,,,,,C,Y,N,A,2,0,0,0,21651.0,4,38.78961944580078,-121.28173828125,3
2018,2018-12-29,2257,12,4,22,6,Y,A,N,A,H,C,A,01,,01,D,,,,,C,Y,N,A,4,0,0,0,23153.0,2,38.7440185546875,-121.27436065673828,3
2018,2018-12-04,1149,12,4,11,2,N,B,N,A,H,A,A,07,N,03,C,,,,,C,Y,N,A,1,0,0,0,22350.0,4,38.77233505249024,-121.26587677001952,4
2018,2018-12-29,1255,12,4,12,6,N,A,Y,A,H,A,A,01,S,03,C,,,,,C,Y,N,A,2,0,0,0,22350.0,2,38.78460693359375,-121.28044128417967,4
2018,2018-12-11,2056,12,4,20,2,Y,A,N,A,H,C,A,01,,01,A,,,,,C,Y,N,D,1,0,0,0,23152.0,2,38.744728088378906,-121.29551696777344,2
2018,2018-12-28,2032,12,4,20,5,N,A,N,A,H,C,A,01,,01,D,,,,,C,Y,N,D,2,0,0,0,23152.0,2,38.76176071166992,-121.24774932861328,4
2018,2018-12-08,2154,12,4,21,6,N,A,N,B,B,C,A,07,E,03,F,,,,,A,Y,N,D,5,0,0,0,22350.0,1,38.80253219604492,-121.42292785644533,3
2018,2018-12-28,1015,12,4,10,5,Y,A,N,A,H,A,A,07,,10,G,Y,,,,B,N,N,A,1,1,0,0,21950.0,2,38.729358673095696,-121.2947006225586,4
2018,2018-12-08,1144,12,4,11,6,N,A,N,A,H,A,A,01,E,03,C,,,,,C,Y,N,A,1,0,0,0,22350.0,3,38.76200866699219,-121.25481414794922,4
2018,2018-12-27,1910,12,4,19,4,N,A,N,A,H,C,A,01,N,09,F,,,Y,,C,N,N,D,1,0,0,1,21804.0,2,38.744941711425774,-121.27434539794922,3
2018,2018-12-07,1338,12,4,13,5,N,A,N,A,H,A,A,01,E,08,F,,,,,E,Y,N,D,1,0,0,0,22107.0,2,38.736133575439446,-121.27666473388672,4
2018,2018-12-23,2015,12,4,20,7,Y,B,N,B,H,C,A,01,,12,D,,,,,C,Y,N,A,1,0,0,0,21453.0,2,38.791778564453125,-121.3586883544922,4
2018,2018-12-07,1120,12,4,11,5,N,A,N,A,H,-,A,07,N,03,C,,,,,C,N,N,A,2,0,0,0,22350.0,3,38.7839241027832,-121.26564025878906,4
2018,2018-12-03,1915,12,4,19,1,N,A,N,A,H,C,A,01,N,09,D,,,,,C,Y,N,D,1,0,0,0,21801.0,2,38.749488830566406,-121.309326171875,3
2018,2018-12-07,704,12,4,7,5,N,A,N,A,H,A,A,01,E,07,B,,,,,C,Y,N,D,2,0,0,0,21658.0,3,38.793960571289055,-121.34579467773438,4
2018,2018-12-03,1514,12,4,15,1,N,A,N,A,A,A,-,- ,W,- ,C,,,,,C,,N,A,1,0,0,0,,2,38.729358673095696,-121.29484558105467,4
2018,2018-12-06,1912,12,4,19,4,Y,A,N,A,H,C,A,07,,03,E,,,,,I,N,F,D,1,0,0,0,22350.0,1,38.78976058959961,-121.27204895019533,3
2018,2018-12-03,1150,12,4,11,1,N,A,N,A,H,A,A,01,S,03,C,,,,,C,Y,M,A,1,0,0,0,22350.0,4,38.73512268066406,-121.2720184326172,4
2018,2018-12-06,1222,12,4,12,4,N,A,N,A,H,A,C,02,E,03,C,,,Y,,C,N,N,A,1,0,0,1,22350.0,2,38.7440185546875,-121.27425384521484,3
2018,2018-12-02,846,12,4,8,7,Y,A,N,A,H,A,A,07,,12,D,,,,,C,Y,N,A,1,0,0,0,21453.0,2,38.7311897277832,-121.22612762451172,3
2018,2018-12-16,953,12,4,9,7,N,B,N,A,H,A,A,01,S,09,A,,,,,C,Y,N,A,2,0,0,0,21801.0,2,38.75179290771485,-121.30938720703124,4
2018,2018-12-03,942,12,4,9,1,N,A,N,A,H,A,A,07,W,03,C,,,,,C,Y,N,D,1,0,0,0,22350.0,2,38.74030685424805,-121.24394989013672,4
2018,2018-12-03,1036,12,4,10,1,N,A,N,A,H,A,A,07,W,03,C,,,,,C,N,F,A,1,0,0,0,22350.0,2,38.74409866333008,-121.26639556884766,4
2018,2018-12-18,1939,12,4,19,2,N,B,N,A,H,C,A,01,E,07,C,,,,,C,Y,N,A,1,0,0,0,21658.0,3,,,4
2019,2019-09-23,629,9,3,6,1,Y,A,N,A,H,B,-,- ,,00,A,,,,,C,Y,N,A,1,0,0,0,,2,38.8755989074707,-121.30359649658205,4
2019,2019-09-10,1219,9,3,12,2,N,A,N,A,H,A,-,- ,W,- ,E,,,,,I,Y,N,D,1,0,0,0,,1,38.86384963989258,-121.25302886962892,3
2019,2019-09-04,950,9,3,9,3,N,A,N,A,H,A,D,22,E,21,B,,,,,C,Y,N,A,2,0,0,0,22106.0,3,38.74721908569336,-121.28630828857422,3
2019,2019-08-20,1606,8,2,16,2,Y,A,N,A,H,A,A,01,,03,C,,,,,C,N,N,D,1,0,0,0,22350.0,2,38.73320007324219,-121.27204895019533,4
2019,2019-09-21,1915,9,3,19,6,N,A,N,A,H,A,A,01,S,09,D,,,,,C,Y,N,A,5,0,0,0,21804.0,2,38.735469818115234,-121.2720184326172,3