ACCIDENT_YEAR,COLLISION_DATE,COLLISION_TIME,MONTH,SEASON,24HOURS,DAY_OF_WEEK,INTERSECTION,WEATHER_1,STATE_HWY_IND,ROAD_SURFACE,ROAD_COND_1,LIGHTING,STWD_VEHTYPE_AT_FAULT,CHP_VEHTYPE_AT_FAULT,DIRECTION,PCF_VIOL_CATEGORY,TYPE_OF_COLLISION,PEDESTRIAN_ACCIDENT,BICYCLE_ACCIDENT,MOTORCYCLE_ACCIDENT,TRUCK_ACCIDENT,MVIW,TOW_AWAY,HIT_AND_RUN,CONTROL_DEVICE,NUMBER_INJURED,COUNT_PED_INJURED,COUNT_BICYCLIST_INJURED,COUNT_MC_INJURED,PCF_VIOLATION,PARTY_COUNT,POINT_Y,POINT_X,COLLISION_SEVERITY
2019,2019-02-26,1820,2,4,18,2,N,C,N,B,H,C,D,22,S,03,C,,,,,C,N,F,A,2,0,0,0,22350.0,2,38.7293701171875,-121.27208709716795,4
2019,2019-03-22,517,3,1,5,5,Y,B,Y,A,H,-,A,07,,12,A,,,,,C,Y,N,A,1,0,0,0,21453.0,2,38.77553176879882,-121.26230621337892,3
2019,2019-03-18,730,3,1,7,1,N,A,N,A,H,A,D,72,E,09,D,,,,,C,Y,N,A,1,0,0,0,21453.0,2,38.7311897277832,-121.22612762451172,4
2018,2018-11-26,730,11,3,7,1,Y,A,N,-,H,A,A,01,,09,D,,,,,C,Y,N,D,2,0,0,0,21801.0,2,38.75238800048828,-121.28114318847656,4
2018,2018-12-31,1531,12,4,15,1,Y,A,N,A,H,A,A,07,,12,A,,,,,C,Y,N,A,2,0,0,0,21453.0,2,38.74996948242188,-121.24208831787108,4
2018,2018-12-01,1447,12,4,14,6,N,A,N,A,H,A,A,01,S,09,D,,,,,C,Y,N,D,5,0,0,0,21804.0,2,38.79509735107422,-121.32872772216795,4
2018,2018-03-19,1539,3,1,15,1,Y,A,N,A,H,A,A,07,,12,D,,,,,C,,N,A,1,0,0,0,21453.0,2,38.742130279541016,-121.25353240966795,3
2018,2018-06-10,2153,6,2,21,7,Y,A,N,A,H,C,C,02,,07,C,,,Y,,C,N,N,A,1,0,0,1,21658.0,2,38.75083923339844,-121.26335906982422,3
2018,2018-04-02,1741,4,1,17,1,N,A,N,A,H,A,A,01,W,09,D,,,,,C,Y,N,D,1,0,0,0,21804.0,3,38.7713737487793,-121.26297760009766,4
2018,2018-06-07,1749,6,2,17,4,Y,A,N,A,H,A,A,07,,09,D,,,,,C,N,N,A,2,0,0,0,21453.0,2,38.76876831054688,-121.33007049560548,3
2018,2018-12-07,1330,12,4,13,5,Y,A,N,A,H,A,A,01,,09,D,,,,,C,,N,D,1,0,0,0,21801.0,2,38.75180816650391,-121.28146362304688,3
2018,2018-02-26,2000,2,4,20,1,Y,B,N,B,H,D,A,07,,03,C,,,,,C,,F,A,1,0,0,0,22350.0,2,38.751758575439446,-121.39266967773438,4
2018,2018-08-18,1250,8,2,12,6,Y,A,N,A,H,A,A,01,,12,D,,,,,C,Y,N,A,1,0,0,0,21453.0,2,38.729541778564446,-121.2673797607422,4
2018,2018-04-29,1744,4,1,17,7,N,A,N,A,H,A,A,07,E,07,B,,,,,C,N,N,A,1,0,0,0,21658.0,2,38.75733184814453,-121.25935363769533,4
2018,2018-03-29,147,3,1,1,4,N,A,N,A,H,D,A,01,E,05,C,,,,,C,Y,N,D,2,0,0,0,21651.0,2,38.75170135498047,-121.37600708007812,4
2018,2018-03-17,123,3,1,1,6,Y,A,N,A,H,C,A,01,,12,D,,,,,C,Y,N,A,4,0,0,0,21453.0,2,38.75743865966797,-121.25965881347656,4
2018,2018-10-04,2301,10,3,23,4,Y,A,N,A,H,C,A,01,,01,C,,,,,C,Y,N,A,1,0,0,0,23152.0,3,38.744338989257805,-121.25302124023438,4
2018,2018-06-18,1838,6,2,18,1,Y,A,N,A,H,A,A,01,,12,D,,,,,C,,N,A,1,0,0,0,21453.0,2,38.76705932617188,-121.26306915283205,4
2018,2018-06-20,2247,6,2,22,3,Y,A,N,A,H,-,A,07,,03,E,,,,,I,Y,F,D,1,0,0,0,22350.0,1,38.73678970336913,-121.22599029541016,2
2018,2018-12-24,1309,12,4,13,1,N,B,N,B,H,A,A,07,E,03,C,,,,,C,Y,N,D,2,0,0,0,22350.0,3,38.74432373046875,-121.2511978149414,4
2018,2018-08-28,1802,8,2,18,2,Y,A,N,A,H,A,A,01,,12,D,,,Y,,C,Y,N,A,1,0,0,1,22450.0,2,38.75952911376953,-121.34700012207033,4
2018,2018-07-07,2152,7,2,21,6,N,A,N,A,H,C,A,01,S,01,B,,,,,C,Y,F,A,1,0,0,0,23153.0,2,38.75812149047852,-121.2661361694336,4
2018,2018-11-01,1311,11,3,13,4,Y,A,N,A,H,A,A,01,,09,D,,,,,C,Y,N,A,1,0,0,0,21453.0,2,38.761428833007805,-121.2941665649414,4
2018,2018-07-08,1452,7,2,14,7,N,A,N,A,H,A,A,01,E,01,B,,,,,C,Y,N,D,3,0,0,0,23152.0,2,38.75817108154297,-121.26596069335938,4
2018,2018-11-05,1915,11,3,19,1,Y,A,N,A,H,C,A,07,,09,D,,,,,C,Y,F,D,1,0,0,0,21801.0,2,38.77756881713867,-121.28485107421876,4
2018,2018-10-08,740,10,3,7,1,N,A,N,A,H,A,A,07,W,07,B,,Y,,,G,N,N,D,1,0,1,0,21658.0,2,38.76231384277344,-121.25737762451172,3
2018,2018-10-29,1525,10,3,15,1,Y,A,N,A,H,A,A,07,,12,C,,,,,C,N,N,A,1,0,0,0,21453.0,3,38.748340606689446,-121.24778747558594,4
2018,2018-09-23,1727,9,3,17,7,N,A,N,A,D,A,C,02,S,01,E,,,Y,,J,Y,N,D,1,0,0,1,23152.0,1,38.78042602539063,-121.26573181152344,3
2018,2018-12-01,1556,12,4,15,6,N,A,N,A,H,A,A,01,S,09,D,,,,,C,Y,N,D,2,0,0,0,21804.0,2,38.72835540771485,-121.27207946777344,3
2018,2018-09-25,1508,9,3,15,2,Y,A,N,A,H,A,L,04,,11,G,,Y,,,G,N,N,A,1,0,1,0,21456.0,2,38.77862930297852,-121.33383178710938,3
2018,2018-03-09,1909,3,1,19,5,Y,A,N,A,H,C,A,01,,12,D,,,,,C,Y,N,A,1,0,0,0,21453.0,3,38.77452087402344,-121.2760772705078,4
2018,2018-11-19,1832,11,3,18,1,N,A,N,A,H,C,A,07,N,03,A,,,,,C,Y,N,D,2,0,0,0,22350.0,2,38.72412109375,-121.29035186767578,3
2018,2018-12-27,1730,12,4,17,4,Y,A,N,A,H,B,A,07,,03,C,,,,,C,N,N,D,2,0,0,0,22350.0,2,38.79538,-121.30432,4
2018,2018-11-20,1400,11,3,14,2,Y,A,N,-,H,-,A,01,,09,D,,,,,C,Y,N,A,2,0,0,0,21804.0,2,38.745941162109375,-121.29396057128906,4
2018,2018-12-09,1708,12,4,17,7,Y,A,N,A,H,C,A,07,,03,C,,,,,C,N,N,A,1,0,0,0,22350.0,2,38.74391174316406,-121.28691864013672,4
2019,2019-03-13,1510,3,1,15,3,N,B,N,A,H,A,A,01,N,03,C,,,,,C,N,N,A,1,0,0,0,22350.0,2,38.74760055541992,-121.28682708740234,4
2019,2019-03-21,1555,3,1,15,4,Y,A,N,A,H,A,A,01,,21,D,,,,,C,Y,N,A,2,0,0,0,22106.0,2,38.78179931640625,-121.26571655273438,4
2019,2019-03-21,1216,3,1,12,4,N,A,N,A,H,A,A,01,N,10,G,Y,,,,B,Y,N,A,1,1,0,0,21950.0,2,38.7584228515625,-121.3171157836914,4
2019,2019-03-27,833,3,1,8,3,Y,B,N,A,H,-,A,01,,09,D,,,,,C,Y,N,A,1,0,0,0,21801.0,2,38.74267959594727,-121.24683380126952,3
2019,2019-03-11,1711,3,1,17,1,N,A,N,A,H,A,A,01,N,08,D,,,,,C,Y,N,D,1,0,0,0,22107.0,2,38.76459884643555,-121.25595092773438,4
2019,2019-04-15,1631,4,1,16,1,N,C,N,B,H,A,A,08,N,09,D,,,,,C,Y,N,A,1,0,0,0,21801.0,3,38.75869369506836,-121.2584991455078,4
2019,2019-03-12,1521,3,1,15,2,N,A,N,A,H,A,A,07,N,09,D,,,,,C,Y,N,A,2,0,0,0,21804.0,2,38.75385284423828,-121.2674560546875,3
2019,2019-04-07,1856,4,1,18,7,N,A,N,A,H,A,A,01,W,01,E,,,,,J,Y,N,D,1,0,0,0,23152.0,1,38.791603088378906,-121.35799407958984,3
2019,2019-03-12,1330,3,1,13,2,N,B,N,A,H,A,A,07,W,03,C,,,,,C,N,F,A,1,0,0,0,22350.0,2,38.73162460327149,-121.23185729980467,4
2019,2019-04-01,1258,4,1,12,1,N,B,N,A,H,A,A,01,N,01,G,Y,,,,B,Y,N,A,3,3,0,0,23152.0,6,38.762073516845696,-121.25585174560548,2
2019,2019-03-12,1341,3,1,13,2,N,B,N,A,H,A,A,07,W,09,D,,,,,C,Y,N,A,1,0,0,0,21804.0,2,38.751850128173835,-121.31072235107422,3
2019,2019-04-01,1415,4,1,14,1,Y,B,N,A,H,A,A,01,,12,D,,,,,C,,N,A,1,0,0,0,21453.0,2,38.7361717224121,-121.29054260253906,4
2019,2019-03-06,1443,3,1,14,3,N,B,N,B,H,A,A,01,S,01,C,,,,,C,Y,N,A,2,0,0,0,23152.0,2,38.76335144042969,-121.31168365478516,4
2019,2019-04-02,1633,4,1,16,2,Y,C,N,B,H,A,A,01,,05,D,,,,,C,Y,N,A,1,0,0,0,21460.0,2,38.737918853759766,-121.2720184326172,3
2019,2019-03-06,916,3,1,9,3,N,C,N,B,H,A,A,08,S,03,C,,,,,C,Y,F,A,1,0,0,0,22350.0,2,38.744338989257805,-121.25302124023438,4
2019,2019-04-04,1204,4,1,12,4,Y,B,N,A,H,A,A,01,,09,D,,,,,C,Y,N,A,1,0,0,0,21802.0,2,38.77272033691406,-121.37091827392578,3
2019,2019-03-25,920,3,1,9,1,N,B,N,A,H,A,A,08,S,03,C,,,,,C,Y,N,A,3,0,0,0,22350.0,3,38.73745346069336,-121.30538177490234,4
2019,2019-04-04,800,4,1,8,4,N,B,N,A,H,A,A,07,S,09,D,,,,,C,,N,D,2,0,0,0,21804.0,2,38.7501220703125,-121.30940246582033,4
2019,2019-03-24,1234,3,1,12,7,N,A,N,A,H,A,A,01,W,09,D,,,,,C,Y,N,D,1,0,0,0,21801.0,2,38.75166702270508,-121.25138854980467,4
2019,2019-04-06,1702,4,1,17,6,Y,A,N,A,H,A,A,01,,12,D,,,,,C,Y,N,A,2,0,0,0,21453.0,2,38.729339599609375,-121.29210662841795,3
2019,2019-03-30,1408,3,1,14,6,N,A,N,A,H,A,A,01,N,09,D,,,,,C,Y,N,D,2,0,0,0,21804.0,2,38.74496841430664,-121.26628875732422,3
2019,2019-04-08,1154,4,1,11,1,N,B,N,A,H,A,A,01,W,03,C,,,,,C,N,N,A,2,0,0,0,22350.0,2,38.762020111083984,-121.2519989013672,4
2019,2019-03-30,1756,3,1,17,6,Y,A,N,A,H,A,A,01,,09,D,,,,,C,Y,N,A,1,0,0,0,21453.0,2,38.756568908691406,-121.2738800048828,4
2019,2019-04-06,2144,4,1,21,6,Y,A,N,A,-,C,A,01,,09,D,,,,,C,Y,N,A,1,0,0,0,21801.0,2,38.743900299072266,-121.2885971069336,4
2019,2019-03-31,2004,3,1,20,7,N,A,N,A,H,C,A,01,W,03,B,,,,,C,Y,N,A,2,0,0,0,22350.0,3,38.760990142822266,-121.300537109375,4
2019,2019-03-26,530,3,1,5,2,N,C,N,B,H,C,A,01,S,03,D,,,,,I,Y,N,D,1,0,0,0,22350.0,1,38.7827262878418,-121.26572418212892,2
2019,2019-03-21,1600,3,1,16,4,N,A,N,A,H,A,A,07,W,03,C,,,,,C,Y,N,A,4,0,0,0,22350.0,2,38.762393951416016,-121.25762176513672,3
2019,2019-03-22,1530,3,1,15,5,N,C,N,B,H,A,A,01,N,09,D,,,,,C,Y,N,D,1,0,0,0,21804.0,2,38.75186920166016,-121.31385040283205,3
2019,2019-10-29,1330,10,3,13,2,N,A,N,A,H,A,-,,N,09,D,,,,,C,Y,N,D,1,0,0,0,21804.0,2,38.829959869384766,-121.18708801269533,2
2019,2019-11-22,2345,11,3,23,5,N,A,N,A,H,C,D,22,S,01,E,,,,,I,Y,F,D,1,0,0,0,23152.0,2,38.73045349121094,-121.2558822631836,3
2019,2019-10-11,714,10,3,7,5,N,A,N,A,H,A,D,22,W,10,B,,Y,,,G,N,N,A,1,0,1,0,21950.0,2,38.760929107666016,-121.33251190185548,4
2019,2019-10-10,1643,10,3,16,4,N,A,N,A,H,A,A,01,S,03,C,,,,,C,N,N,A,1,0,0,0,22350.0,3,38.72646713256836,-121.29041290283205,4
2019,2019-10-05,1300,10,3,13,6,N,A,N,A,H,A,A,07,E,03,C,,,,,C,N,F,A,1,0,0,0,22350.0,2,38.78458023071289,-121.2745361328125,4
2019,2019-11-07,1845,11,3,18,4,N,A,N,A,H,C,F,26,W,09,D,,,,Y,C,Y,N,A,1,0,0,0,21804.0,3,38.72929000854492,-121.30105590820312,4
2019,2019-11-07,1229,11,3,12,4,Y,A,N,A,H,A,A,07,,12,A,,,,,C,Y,N,A,1,0,0,0,21453.0,2,38.76200866699219,-121.25586700439452,3
2019,2019-11-20,1628,11,3,16,3,Y,A,N,A,H,B,D,22,,12,B,,,,,C,Y,N,A,2,0,0,0,21453.0,2,38.74427032470703,-121.25921630859376,4
2019,2019-11-22,1319,11,3,13,5,N,A,N,A,H,A,A,01,W,03,C,,,,,C,Y,N,A,1,0,0,0,22350.0,3,38.74434280395508,-121.25582885742188,3
2019,2019-11-25,1317,11,3,13,1,Y,A,N,A,H,A,D,22,,12,D,,,,,C,Y,N,A,4,0,0,0,21453.0,5,38.77824020385742,-121.28829193115234,4
2019,2019-11-25,1603,11,3,16,1,N,A,N,A,H,B,A,01,W,03,C,,,,,C,Y,N,A,2,0,0,0,22350.0,2,38.773231506347656,-121.30592346191406,3
2019,2019-10-18,445,10,3,4,5,Y,A,N,A,A,C,A,01,,09,B,,,,,C,Y,N,A,2,0,0,0,21453.0,2,38.78327941894531,-121.2867431640625,4
2019,2019-12-04,1159,12,4,11,3,Y,B,N,B,H,A,A,08,,12,D,,,,,C,N,N,A,1,0,0,0,21453.0,2,38.7994384765625,-121.2055206298828,3
2019,2019-11-14,730,11,3,7,4,Y,A,N,A,H,A,A,01,,12,F,,,,,C,N,N,A,2,0,0,0,21453.0,2,38.77824020385742,-121.28829193115234,3
2019,2019-12-01,2115,12,4,21,7,N,C,N,B,H,C,D,22,E,07,B,,,,,C,Y,N,A,1,0,0,0,21658.0,3,38.729339599609375,-121.29200744628906,4
2019,2019-11-20,1728,11,3,17,3,N,A,N,A,H,C,A,01,E,03,C,,,,,C,N,N,D,3,0,0,0,22350.0,3,38.779396057128906,-121.28758239746094,4
2019,2019-12-14,918,12,4,9,6,N,B,N,B,H,A,L,04,S,08,H,,Y,,,G,N,N,A,1,0,1,0,22107.0,2,38.783790588378906,-121.2053680419922,3
2019,2019-12-14,530,12,4,5,6,N,B,N,B,H,C,A,01,N,03,E,,,,,J,Y,N,D,2,0,0,0,22350.0,1,,,3
2019,2019-12-04,1651,12,4,16,3,N,B,N,B,H,C,L,04,W,05,H,,Y,,,G,N,N,D,1,0,1,0,21651.0,2,38.78845977783203,-121.22046661376952,3
2019,2019-12-06,2131,12,4,21,5,Y,C,N,B,H,C,A,01,,12,D,,,,,C,Y,N,D,1,0,0,0,22450.0,2,38.83098983764648,-121.2932586669922,3
2019,2019-11-15,2257,11,3,22,5,N,A,N,A,E,D,A,07,S,03,F,,,,,J,Y,N,A,4,0,0,0,22350.0,1,38.90376663208008,-121.06415557861328,3
2019,2019-11-05,1400,11,3,14,2,Y,A,Y,A,H,A,A,01,,03,C,,,,,C,Y,N,A,1,0,0,0,22350.0,2,38.725833892822266,-121.28938293457033,4
2019,2019-03-12,1557,3,1,15,2,Y,B,N,A,H,A,A,07,,12,D,,,,,C,N,N,A,2,0,0,0,21453.0,2,38.743999481201165,-121.27668762207033,4
2019,2019-02-14,1622,2,4,16,4,N,A,N,A,H,A,A,01,E,03,C,,,,,C,N,N,A,1,0,0,0,22350.0,3,38.7666244506836,-121.26264190673828,4
2015,2015-07-05,600,7,2,6,7,N,A,N,A,H,B,A,01,W,08,E,,,,,I,Y,N,D,1,0,0,0,22107.0,1,38.82435047,-121.41507268,4
2015,2015-06-29,1123,6,2,11,1,N,B,Y,A,H,A,I,11,E,03,C,,,,,C,Y,N,D,2,0,0,0,22350.0,2,39.26307126,-120.72958902,3
2015,2015-06-29,1300,6,2,13,1,N,A,Y,A,H,A,A,07,W,01,E,,,,,I,Y,N,D,1,0,0,0,23152.0,1,39.13871432,-120.92135063,2
2015,2015-06-29,1610,6,2,16,1,N,A,Y,A,H,A,G,25,W,07,C,,,,Y,C,Y,N,D,1,0,0,0,21658.0,2,39.22758043,-120.76264583,4
2015,2015-06-29,1325,6,2,13,1,N,A,Y,A,H,A,F,26,E,03,C,,,,Y,C,Y,N,D,1,0,0,0,22350.0,3,39.14142444,-120.91444605,4
2015,2015-06-30,1702,6,2,17,2,N,A,Y,A,H,A,-,- ,W,18,E,,,,,I,Y,N,D,1,0,0,0,,1,39.18530699,-120.84716662,3
2015,2015-06-30,1820,6,2,18,2,N,A,Y,A,H,A,D,22,W,08,E,,,,,J,Y,N,D,1,0,0,0,22107.0,1,39.31546708,-120.46329188,3
2015,2015-07-01,2325,7,2,23,3,N,A,Y,A,H,C,-,- ,W,07,D,,,,,C,Y,N,D,2,0,0,0,21658.0,2,38.75584,-121.26295,3
2015,2015-07-07,1155,7,2,11,2,N,A,Y,A,H,A,D,22,E,01,F,,,,,A,Y,N,D,1,0,0,0,23152.0,1,38.93773317,-121.05250958,2
2015,2015-07-03,1625,7,2,16,5,Y,A,N,A,H,A,A,01,,01,E,,,,,I,Y,N,D,1,0,0,0,23152.0,1,39.02878996,-121.0032499,3
2015,2015-07-11,330,7,2,3,6,N,A,N,A,H,D,A,01,S,01,E,,,,,I,Y,N,D,1,0,0,0,23152.0,1,39.03075236,-121.00440214,3
2015,2015-07-09,912,7,2,9,4,Y,B,N,A,H,A,D,22,,12,D,,,,,C,N,N,A,2,0,0,0,21453.0,2,38.74406994,-121.18918997,4
2015,2015-07-09,1700,7,2,17,4,N,A,Y,A,H,A,A,01,E,08,C,,,,,C,Y,N,D,1,0,0,0,22107.0,2,,,4
2015,2015-07-02,1225,7,2,12,4,N,A,Y,A,H,A,C,02,W,08,D,,,Y,,C,N,N,D,1,0,0,1,22107.0,2,39.23902524,-120.04064777,3
2015,2015-07-05,1210,7,2,12,7,Y,A,Y,A,H,A,A,08,,12,D,,,,,C,Y,N,A,4,0,0,0,21453.0,4,38.9270856,-121.08640935,4
2015,2015-06-30,1238,6,2,12,2,N,A,Y,A,H,A,A,07,W,07,B,,,,Y,C,Y,N,A,3,0,0,0,21658.0,3,38.75034809,-121.26652941,4
2015,2015-07-10,1750,7,2,17,5,N,A,Y,A,H,A,A,01,W,07,B,,,,,C,Y,N,D,5,0,0,0,21658.0,4,38.76141714,-121.25926639,3
2015,2015-07-09,1635,7,2,16,4,N,A,Y,A,H,A,A,01,E,03,C,,,,,C,Y,N,D,1,0,0,0,22350.0,2,38.90717105,-121.07118464,3
2015,2015-07-14,555,7,2,5,2,N,A,N,A,H,A,D,22,N,08,E,,,,,I,Y,N,D,1,0,0,0,22107.0,1,38.93610813,-121.08881687,3
2015,2015-07-03,1200,7,2,12,5,N,A,Y,A,H,A,A,07,N,03,C,,,,,C,N,N,A,1,0,0,0,22350.0,4,39.31584842,-120.15129592,4
2015,2015-06-30,1930,6,2,19,2,N,A,N,A,H,A,A,01,S,01,E,,,,,I,Y,N,D,1,0,0,0,23152.0,1,39.02456879,-121.00125889,2
2015,2015-07-05,1910,7,2,19,7,N,A,Y,A,H,A,A,01,E,01,E,,,,,I,Y,N,D,1,0,0,0,23152.0,1,,,3
2015,2015-07-15,2235,7,2,22,3,N,B,Y,A,D,D,A,01,E,03,C,,,,,C,Y,N,D,5,0,0,0,22350.0,2,38.81876872,-121.18648966,4
2015,2015-07-16,800,7,2,8,4,N,A,Y,A,H,A,D,22,E,03,C,,,,,C,Y,N,D,1,0,0,0,22350.0,7,38.73293967,-121.28125326,4
2015,2015-07-11,1845,7,2,18,6,Y,A,N,A,H,A,A,01,,09,D,,,,,C,Y,N,A,1,0,0,0,21802.0,2,38.81024991,-121.14161992,3
2015,2015-07-05,2020,7,2,20,7,N,A,Y,A,H,A,A,08,S,05,E,,,,,I,Y,M,D,1,0,0,0,21650.0,2,39.30493333,-120.13434549,4
2015,2015-07-03,2215,7,2,22,5,N,A,Y,A,H,D,A,07,N,03,C,,,,,C,N,N,D,1,0,0,0,22350.0,2,39.24098608,-120.03088579,4
2015,2015-07-08,1330,7,2,13,3,N,A,Y,A,H,A,A,01,N,09,D,,,,,C,Y,N,D,2,0,0,0,21804.0,2,,,4
2015,2015-07-19,2345,7,2,23,7,N,B,Y,A,H,E,-,- ,W,18,E,,,,,H,Y,N,D,1,0,0,0,,1,39.31249864,-120.54926457,4
2015,2015-07-18,825,7,2,8,6,Y,A,N,A,B,A,L,04,,03,F,,Y,,,A,N,N,A,1,0,1,0,22350.0,1,38.82538999,-121.12650991,2
2015,2015-07-11,1240,7,2,12,6,N,A,Y,A,H,A,A,01,N,09,D,,,,,C,Y,N,D,2,0,0,0,21801.0,2,38.93473375,-121.09295189,4
2015,2015-07-20,1818,7,2,18,1,N,A,Y,A,H,A,N,60,E,11,G,Y,,,,B,N,N,D,1,1,0,0,21954.0,2,39.23738528,-120.02621545,3
2015,2015-07-11,1945,7,2,19,6,N,A,N,A,H,A,D,22,E,01,E,,,,,I,N,M,D,1,0,0,0,23152.0,1,38.90847147,-121.26499423,3
2015,2015-07-18,2315,7,2,23,6,N,A,Y,A,H,C,A,01,E,07,B,,,,,C,Y,N,D,3,0,0,0,21658.0,2,38.7639645,-121.25786248,3
2015,2015-07-08,1548,7,2,15,3,Y,A,Y,A,H,A,A,01,,03,E,,,,,J,Y,N,D,1,0,0,0,22350.0,2,39.23992131,-120.05882562,3
2015,2015-07-26,530,7,2,5,7,N,A,N,A,H,A,A,01,W,08,E,,,,,I,Y,N,D,1,0,0,0,22107.0,1,38.88606,-121.34008,4
2015,2015-07-25,1718,7,2,17,6,N,A,N,A,H,A,D,22,N,03,C,,,,,C,N,N,D,1,0,0,0,22350.0,2,38.81948982,-121.30721033,4
2015,2015-07-20,1240,7,2,12,1,Y,A,Y,A,H,A,A,01,,09,D,,,,,C,Y,N,A,1,0,0,0,21453.0,2,38.92323992,-121.05596999,4
2015,2015-07-24,1430,7,2,14,5,N,A,Y,A,H,A,C,02,W,07,B,,,Y,,C,Y,N,D,1,0,0,1,21658.0,3,38.72486961,-121.29041751,3
2015,2015-07-10,1135,7,2,11,5,N,A,N,A,H,A,D,22,N,03,C,,,,,C,Y,N,A,1,0,0,0,22350.0,2,38.83920984,-121.30694087,4
2015,2015-07-07,1900,7,2,19,2,N,B,Y,A,H,A,D,22,E,03,C,,,,,C,Y,N,A,1,0,0,0,22350.0,2,38.88654503,-121.23773986,4
2015,2015-07-27,30,7,2,0,1,N,A,N,A,H,C,A,01,N,08,E,,,,,I,Y,N,D,2,0,0,0,22107.0,1,38.7265471,-121.3646096,3
2015,2015-07-11,50,7,2,0,6,N,A,N,A,H,D,A,07,,01,E,,,,,I,Y,N,D,2,0,0,0,23152.0,1,38.9395499,-121.08024989,2
2015,2015-07-27,938,7,2,9,1,Y,A,N,A,H,A,L,04,,08,A,,Y,,,G,N,N,A,1,0,1,0,22100.0,2,39.17414995,-120.14231995,3
2015,2015-07-24,1500,7,2,15,5,N,A,N,A,H,A,A,01,E,08,E,,,,,I,Y,N,D,1,0,0,0,22107.0,1,38.99933858,-121.04168062,4
2015,2015-07-17,1555,7,2,15,5,N,A,N,A,H,A,D,22,W,01,F,,,,,A,Y,N,D,1,0,0,0,23152.0,2,38.92601973,-121.01568479,3
2019,2019-12-02,1330,12,4,13,1,N,C,N,B,H,A,A,01,N,03,E,,,,,J,Y,N,D,1,0,0,0,22350.0,1,38.8650016784668,-121.09896087646484,4
2015,2015-07-18,1320,7,2,13,6,N,A,Y,A,H,A,L,04,W,08,F,,Y,,,I,N,N,D,1,0,1,0,22107.0,1,39.18130474,-120.12911131,2
2015,2015-07-28,1535,7,2,15,2,N,A,N,A,H,A,A,01,W,03,C,,,,,C,N,N,A,1,0,0,0,22350.0,2,38.74407367,-121.18934771,4
2015,2015-07-23,445,7,2,4,4,N,A,Y,A,H,A,A,01,S,01,C,,,,,C,Y,N,D,2,0,0,0,23152.0,2,38.78573814,-121.28227627,3
2015,2015-07-22,1710,7,2,17,3,N,A,Y,A,H,A,A,07,N,07,B,,,Y,,C,Y,F,D,1,0,0,1,21658.0,2,,,4
2015,2015-07-24,430,7,2,4,5,N,A,Y,A,H,A,A,01,W,03,F,,,,,I,Y,N,D,1,0,0,0,22350.0,1,39.31401312,-120.44627059,3
2015,2015-07-18,1030,7,2,10,6,N,A,N,A,H,A,A,01,E,01,A,,,,,C,Y,N,D,2,0,0,0,23152.0,2,38.92186108,-121.04358405,3
2015,2015-07-27,1755,7,2,17,1,N,A,Y,A,H,A,A,01,E,07,E,,,,,I,Y,N,D,1,0,0,0,21658.0,2,,,2
2015,2015-08-02,1500,8,2,15,7,N,B,Y,A,H,A,A,01,W,07,B,,,,,C,Y,N,D,1,0,0,0,21658.0,2,38.8821965,-121.10592112,4
2015,2015-07-24,1330,7,2,13,5,N,A,Y,A,H,A,D,22,W,03,C,,,,,C,Y,N,D,1,0,0,0,22350.0,2,38.78686957,-121.22443501,4
2015,2015-08-03,1745,8,2,17,1,N,A,Y,A,H,A,A,01,W,08,E,,,,,I,Y,N,D,1,0,0,0,22107.0,1,38.86117187,-121.1355224,4
2015,2015-06-29,1435,6,2,14,1,N,A,Y,A,D,A,D,22,N,08,G,Y,,,,B,N,F,A,1,1,0,0,22107.0,3,39.08185861,-120.15831048,2
2015,2015-08-06,1755,8,2,17,4,N,B,Y,A,H,A,A,01,S,03,C,,,,,C,N,N,D,1,0,0,0,22350.0,2,38.77663845,-121.26455462,4
2015,2015-08-05,1710,8,2,17,3,N,A,Y,A,H,A,A,01,E,03,C,,,,,C,Y,N,D,3,0,0,0,22350.0,3,,,3
2015,2015-08-05,645,8,2,6,3,N,A,Y,A,H,A,A,07,S,08,F,,,,,A,Y,N,D,1,0,0,0,22107.0,1,38.79257532,-121.29441574,4
2015,2015-08-03,2040,8,2,20,1,N,A,N,A,H,D,C,02,W,01,E,,,Y,,I,Y,N,D,1,0,0,1,23152.0,1,38.92593254,-121.01581119,2
2015,2015-07-31,1251,7,2,12,5,N,A,Y,A,H,A,D,22,E,03,C,,,,,C,Y,N,A,3,0,0,0,22350.0,3,,,4
2015,2015-07-29,955,7,2,9,3,N,A,Y,A,H,A,A,01,W,01,E,,,,,I,Y,N,D,1,0,0,0,23152.0,2,,,3
2015,2015-08-07,1940,8,2,19,5,Y,A,Y,A,H,A,C,02,,22,F,,,Y,,A,N,N,A,1,0,0,1,,1,38.93846172,-121.09590964,4
2015,2015-08-04,1815,8,2,18,2,N,A,N,A,H,A,C,02,E,08,F,,,Y,,A,Y,N,D,1,0,0,1,22107.0,1,39.09384113,-120.72919267,3