ACCIDENT_YEAR,COLLISION_DATE,COLLISION_TIME,MONTH,SEASON,24HOURS,DAY_OF_WEEK,INTERSECTION,WEATHER_1,STATE_HWY_IND,ROAD_SURFACE,ROAD_COND_1,LIGHTING,STWD_VEHTYPE_AT_FAULT,CHP_VEHTYPE_AT_FAULT,DIRECTION,PCF_VIOL_CATEGORY,TYPE_OF_COLLISION,PEDESTRIAN_ACCIDENT,BICYCLE_ACCIDENT,MOTORCYCLE_ACCIDENT,TRUCK_ACCIDENT,MVIW,TOW_AWAY,HIT_AND_RUN,CONTROL_DEVICE,NUMBER_INJURED,COUNT_PED_INJURED,COUNT_BICYCLIST_INJURED,COUNT_MC_INJURED,PCF_VIOLATION,PARTY_COUNT,POINT_Y,POINT_X,COLLISION_SEVERITY
2016,2016-07-19,1145,7,2,11,2,N,A,Y,A,D,A,A,01,S,03,C,,,,,C,Y,N,D,1,0,0,0,22350.0,4,,,4
2016,2016-07-20,2020,7,2,20,3,N,A,N,A,D,B,D,22,S,03,C,,,,,C,Y,N,A,2,0,0,0,22350.0,2,38.75033883,-121.22653828,4
2016,2016-07-20,400,7,2,4,3,N,A,Y,A,H,D,-,- ,N,00,G,Y,,,,B,N,N,D,1,1,0,0,,2,38.92061956,-121.08220472,2
2016,2016-07-13,1050,7,2,10,3,N,A,Y,A,H,A,A,08,E,03,C,,,,,C,Y,N,A,2,0,0,0,22350.0,2,,,4
2016,2016-07-07,1747,7,2,17,4,N,A,N,A,H,A,D,22,S,08,G,Y,,,,B,N,F,D,1,1,0,0,22107.0,2,38.75368159,-121.16784746,4
2016,2016-07-29,1415,7,2,14,5,N,A,Y,A,H,A,A,01,W,07,B,,,,,C,N,N,D,1,0,0,0,21658.0,2,39.13856412,-120.92049084,4
2016,2016-06-09,1315,6,2,13,4,N,A,Y,A,H,A,D,22,N,03,C,,,,,C,N,N,D,2,0,0,0,22350.0,2,38.91875056,-121.08126325,4
2016,2016-07-14,1630,7,2,16,4,N,A,Y,A,H,A,A,01,N,01,E,,,,,I,Y,N,D,1,0,0,0,23152.0,1,38.8733,-121.31122,4
2016,2016-07-22,1400,7,2,14,5,N,A,Y,A,H,A,-,- ,S,00,B,,,,,C,N,N,D,1,0,0,0,,2,38.81301119,-121.30004399,4
2016,2016-07-22,747,7,2,7,5,N,A,Y,A,H,A,A,01,W,07,C,,,,,C,Y,N,A,2,0,0,0,21658.0,2,38.72866302,-121.28587661,3
2016,2016-07-22,1335,7,2,13,5,N,A,Y,A,H,A,A,07,E,08,C,,,,Y,C,N,N,A,1,0,0,0,22107.0,2,38.75191366,-121.26549099,4
2016,2016-06-30,1050,6,2,10,4,N,A,N,A,H,A,F,25,N,08,D,,,,Y,C,Y,N,D,1,0,0,0,22107.0,2,38.83992379,-121.30694654,2
2016,2016-07-26,2245,7,2,22,2,N,A,N,A,H,D,A,01,N,01,E,,,,,I,Y,N,D,1,0,0,0,23152.0,1,38.73322968,-121.39252478,4
2016,2016-07-18,1330,7,2,13,1,N,A,Y,A,H,A,A,01,W,03,C,,,,,C,Y,N,D,1,0,0,0,22350.0,2,38.85413261,-121.14403151,4
2016,2016-07-24,1255,7,2,12,7,N,A,Y,A,H,A,A,01,E,08,E,,,,Y,I,Y,N,D,2,0,0,0,22107.0,2,,,3
2016,2016-07-22,1830,7,2,18,5,N,A,N,A,H,A,A,07,N,03,D,,,,,C,Y,N,D,1,0,0,0,22350.0,2,38.74083326,-121.17061556,3
2016,2016-08-07,1135,8,2,11,7,N,A,Y,A,H,A,A,07,W,03,C,,,,,C,Y,N,D,2,0,0,0,22350.0,2,39.08825489,-120.95439602,4
2016,2016-07-09,1745,7,2,17,6,N,B,N,A,H,A,A,01,N,08,A,,,,,C,Y,N,D,3,0,0,0,22107.0,2,39.04028064,-121.30472304,3
2016,2016-06-04,1100,6,2,11,6,N,A,Y,A,H,A,A,01,,03,C,,,,,C,Y,N,D,2,0,0,0,22350.0,5,38.95665998,-121.10135988,4
2016,2016-07-25,1735,7,2,17,1,N,A,Y,A,H,A,D,22,S,08,A,,,,,C,Y,N,D,3,0,0,0,22107.0,3,39.27266099,-120.09889272,4
2016,2016-08-08,455,8,2,4,1,N,A,Y,A,H,D,D,22,W,22,H,,,,,A,Y,N,D,1,0,0,0,,1,,,3
2016,2016-07-31,1920,7,2,19,7,N,A,Y,A,H,A,A,01,S,08,C,,,,,E,Y,N,D,1,0,0,0,22107.0,2,39.07215738,-120.14354699,3
2016,2016-07-26,1246,7,2,12,2,Y,A,Y,A,H,A,C,02,,05,D,,,Y,,C,Y,N,D,1,0,0,1,21752.0,2,39.15641814,-120.14600428,3
2016,2016-07-27,2035,7,2,20,3,N,A,N,A,H,C,A,01,N,08,E,,,,,I,Y,N,D,1,0,0,0,22107.0,1,38.78611654,-121.141811,4
2016,2016-07-31,1420,7,2,14,7,N,A,Y,A,H,A,A,01,N,08,E,,,,,I,Y,N,D,1,0,0,0,22107.0,1,39.14942063,-120.14566211,3
2016,2016-07-25,1155,7,2,11,1,N,A,Y,A,H,A,A,07,E,03,C,,,,,C,N,N,D,1,0,0,0,22350.0,2,,,4
2016,2016-07-26,950,7,2,9,2,N,A,Y,A,D,A,A,07,N,07,B,,,,,C,Y,N,D,1,0,0,0,21658.0,2,,,4
2016,2016-07-23,1500,7,2,15,6,N,A,Y,A,H,A,A,01,N,03,C,,,,,C,Y,N,A,1,0,0,0,22350.0,2,38.74409895,-121.27058821,3
2016,2016-07-25,1450,7,2,14,1,N,A,N,A,H,A,A,07,E,08,F,,,,,I,Y,N,D,1,0,0,0,22107.0,1,38.86332034,-121.15427899,3
2016,2016-08-02,1400,8,2,14,2,N,A,Y,A,H,A,M,47,S,03,C,,,,,C,N,N,D,1,0,0,0,22350.0,2,39.15641814,-120.14600428,4
2016,2016-08-04,915,8,2,9,4,N,A,Y,A,H,A,G,27,N,03,C,,,,Y,C,Y,N,D,1,0,0,0,22350.0,2,39.28333893,-120.10449712,3
2016,2016-07-25,650,7,2,6,1,N,A,N,A,H,A,D,22,E,05,A,,,,,C,Y,N,D,1,0,0,0,21650.0,2,38.82523925,-121.15660017,3
2016,2016-07-23,1330,7,2,13,6,N,A,Y,A,H,A,A,01,N,03,C,,,,,C,Y,N,D,1,0,0,0,22350.0,2,38.7871372,-121.28551651,4
2016,2016-07-27,1610,7,2,16,3,N,A,N,A,H,A,D,22,E,08,F,,,,,C,Y,N,D,1,0,0,0,22107.0,1,38.97078329,-121.13521153,3
2016,2016-07-30,1755,7,2,17,6,N,A,N,A,H,A,D,22,E,03,C,,,,,C,N,N,A,1,0,0,0,22350.0,2,38.7288,-121.36088989,4
2016,2016-07-29,704,7,2,7,5,N,A,Y,A,H,A,D,22,S,03,C,,,,,C,Y,N,D,1,0,0,0,22350.0,2,38.77618394,-121.26312234,4
2016,2016-08-06,1745,8,2,17,6,N,A,Y,A,H,A,C,02,N,03,F,,,Y,,A,N,N,D,1,0,0,1,22350.0,2,39.16372441,-120.15274095,3
2016,2016-08-02,2145,8,2,21,2,N,A,N,A,H,D,D,22,E,01,E,,,,,I,Y,N,D,1,0,0,0,23152.0,1,39.03956271,-121.33225184,4
2016,2016-07-29,1520,7,2,15,5,N,A,N,A,H,A,A,01,N,03,C,,,,,C,Y,N,D,1,0,0,0,22350.0,3,38.73008691,-121.36465156,4
2016,2016-07-28,703,7,2,7,4,Y,A,N,A,H,A,A,01,,09,H,,Y,,,G,N,N,A,1,0,1,0,21801.0,2,38.73665991,-121.22001988,3
2016,2016-07-30,1600,7,2,16,6,N,A,Y,A,H,A,A,01,S,08,D,,,,,C,Y,N,A,2,0,0,0,22107.0,2,38.78488788,-121.28099869,3
2016,2016-08-04,535,8,2,5,4,N,A,Y,A,H,A,A,01,W,01,E,,,,,I,Y,N,D,1,0,0,0,23152.0,1,38.74269,-121.27118,3
2016,2016-08-07,625,8,2,6,7,N,A,N,A,H,A,D,22,E,08,E,,,,,I,N,N,D,1,0,0,0,22107.0,1,38.91692603,-121.10529941,3
2016,2016-08-10,1450,8,2,14,3,N,A,Y,A,H,A,A,07,N,03,C,,,,,C,Y,N,D,1,0,0,0,22350.0,4,38.9301345,-121.0889412,3
2016,2016-07-29,1445,7,2,14,5,N,A,Y,A,H,A,A,01,E,03,C,,,,,C,N,F,D,3,0,0,0,22350.0,2,38.81771225,-121.18775886,4
2016,2016-07-30,1335,7,2,13,6,N,A,Y,A,H,A,D,22,W,08,E,,,,,I,Y,N,D,1,0,0,0,22107.0,1,39.31574134,-120.46132916,4
2016,2016-08-14,1610,8,2,16,7,Y,A,N,A,H,A,A,01,,09,E,,,Y,,I,Y,N,D,1,0,0,1,21801.0,2,39.07831991,-120.95911999,2
2016,2016-08-12,40,8,2,0,5,N,A,Y,A,H,C,A,01,S,01,C,,,,,C,Y,N,C,1,0,0,0,23152.0,2,,,3
2016,2016-08-11,1335,8,2,13,4,N,A,N,A,H,A,C,02,W,08,E,,,Y,,I,Y,N,D,1,0,0,1,22107.0,1,38.99974409,-121.12757235,2
2016,2016-07-30,1930,7,2,19,6,N,A,Y,A,H,B,A,01,W,08,E,,,,,I,Y,N,D,0,0,0,0,22107.0,1,39.31026363,-120.65205413,1
2016,2016-08-06,1430,8,2,14,6,N,A,Y,A,H,A,A,01,N,03,C,,,,,C,N,N,D,2,0,0,0,22350.0,2,,,4
2016,2016-08-14,300,8,2,3,7,N,A,Y,A,H,D,A,07,E,08,E,,,,,I,Y,M,D,1,0,0,0,22107.0,1,,,3
2016,2016-08-08,1125,8,2,11,1,N,A,Y,A,H,A,A,01,N,03,C,,,,,C,N,N,D,2,0,0,0,22350.0,2,38.950352,-121.099977,4
2016,2016-08-18,1220,8,2,12,4,N,A,Y,A,H,A,I,11,W,04,C,,,,,C,Y,N,D,1,0,0,0,21703.0,2,38.74975312,-121.26689524,3
2016,2016-08-17,2110,8,2,21,3,N,A,Y,A,H,D,C,03,N,08,F,,,Y,,A,N,N,D,1,0,0,1,22107.0,1,38.98631186,-121.10970102,3
2016,2016-08-13,1705,8,2,17,6,N,A,Y,A,H,A,C,02,E,06,B,,,Y,,C,Y,N,D,1,0,0,1,21755.0,2,39.16954701,-120.14270422,4
2016,2016-08-22,1215,8,2,12,1,Y,B,Y,A,H,A,D,22,,09,D,,,,,C,Y,N,A,1,0,0,0,21802.0,2,39.16707139,-120.14459206,4
2016,2016-08-19,1752,8,2,17,5,N,A,Y,A,H,A,A,01,W,08,E,,,,,I,Y,N,D,1,0,0,0,22107.0,1,39.31427427,-120.62535281,2
2016,2016-08-18,1700,8,2,17,4,N,A,Y,A,H,A,D,22,E,08,E,,,,,I,Y,N,D,1,0,0,0,22107.0,1,38.76465,-121.25567,2
2016,2016-08-21,915,8,2,9,7,N,A,Y,A,H,A,L,04,E,03,F,,Y,,,A,N,N,D,1,0,1,0,22350.0,1,39.23289589,-120.01555489,3
2016,2016-08-17,1520,8,2,15,3,Y,A,N,A,H,A,D,22,,09,D,,,,,C,N,N,D,1,0,0,0,21802.0,2,38.93496993,-121.09394992,4
2016,2016-08-20,1515,8,2,15,6,N,A,N,A,H,A,D,22,W,21,C,,,,,C,N,N,D,1,0,0,0,22106.0,2,38.93508898,-121.09335496,4
2016,2016-08-02,2201,8,2,22,2,N,A,Y,A,H,E,A,01,N,01,G,Y,,,,B,Y,F,D,1,1,0,0,23152.0,2,39.18715184,-120.11066686,2
2020,2020-01-02,1530,1,4,15,4,Y,A,N,A,H,A,A,01,,09,B,,,,,C,N,N,D,1,0,0,0,21800.0,2,38.87575912475586,-121.3168716430664,3
2019,2019-12-16,1745,12,4,17,1,Y,C,N,A,H,A,D,22,,09,D,,,Y,,C,Y,N,D,1,0,0,1,21802.0,2,38.89728927612305,-121.34014892578124,2
2016,2016-08-25,1950,8,2,19,4,N,A,N,A,H,C,A,01,W,08,E,,,,,I,Y,N,D,1,0,0,0,22107.0,1,39.31366557,-120.44915004,3
2020,2020-01-24,1328,1,4,13,5,Y,A,N,A,H,A,D,22,,22,C,,,,,C,N,N,A,1,0,0,0,,2,38.86772918701172,-121.26766204833984,3
2016,2016-08-03,1820,8,2,18,3,Y,A,N,A,H,A,D,22,,09,D,,,,,C,Y,N,A,1,0,0,0,21802.0,2,38.83898996,-121.32589997,3
2016,2016-08-10,1050,8,2,10,3,N,A,Y,A,H,A,A,08,S,03,C,,,,,C,Y,N,A,3,0,0,0,22350.0,3,,,4
2016,2016-08-23,755,8,2,7,2,N,A,N,A,H,A,D,22,E,08,E,,,,,I,N,N,D,1,0,0,0,22107.0,1,38.98609041,-120.93364544,4
2016,2016-08-12,1705,8,2,17,5,N,A,Y,A,D,A,A,01,N,01,C,,,,,C,Y,N,D,1,0,0,0,23152.0,2,38.77884264,-121.26888872,3
2016,2016-08-13,1700,8,2,17,6,N,A,N,A,H,A,C,02,W,08,F,,,Y,,A,Y,N,D,1,0,0,1,22107.0,1,39.16473682,-120.48662519,3
2016,2016-08-14,2230,8,2,22,7,N,A,N,A,H,C,L,04,W,05,H,,Y,,,G,N,N,D,1,0,1,0,21650.0,2,38.94196077,-121.09741421,2
2020,2020-01-20,1858,1,4,18,1,N,A,N,A,H,C,A,07,W,03,C,,,,,C,N,N,A,1,0,0,0,22350.0,2,38.87991714477539,-121.29650115966795,4
2016,2016-08-19,1245,8,2,12,5,N,A,N,A,H,A,A,01,S,08,E,,,,,I,Y,N,D,1,0,0,0,22107.0,1,38.93590385,-121.13102145,3
2016,2016-03-25,1915,3,1,19,5,N,A,Y,A,H,B,A,01,W,08,B,,,,,I,Y,N,D,1,0,0,0,22107.0,1,38.86389627,-121.13352327,4
2016,2016-08-16,1050,8,2,10,2,N,A,Y,A,H,A,A,07,S,03,C,,,,,C,Y,N,A,1,0,0,0,22350.0,2,,,4
2016,2016-08-13,2100,8,2,21,6,N,A,Y,A,H,D,-,- ,W,18,G,,,,,B,N,N,D,2,0,0,0,,2,39.31636,-120.54674,2
2016,2016-08-17,1,8,2,0,3,N,A,N,A,H,D,-,- ,W,00,G,Y,,,,B,N,F,D,1,1,0,0,,2,38.94724757,-121.05304135,4
2016,2016-08-17,940,8,2,9,3,N,A,Y,A,H,A,D,22,E,03,C,,,,,C,Y,N,D,2,0,0,0,22350.0,2,38.90031399,-121.07446502,4
2016,2016-08-20,1540,8,2,15,6,N,A,N,A,H,A,A,01,S,01,E,,,,,I,Y,N,D,1,0,0,0,23152.0,1,38.80850511,-121.12882197,3
2016,2016-08-19,1620,8,2,16,5,N,A,Y,A,H,A,A,01,S,03,C,,,,,C,Y,N,D,1,0,0,0,22350.0,2,,,4
2020,2020-01-25,1352,1,4,13,6,Y,B,N,A,H,A,A,01,,03,C,,,,,C,Y,N,A,2,0,0,0,22350.0,3,38.7723503112793,-121.27301788330078,4
2016,2016-08-21,1345,8,2,13,7,N,A,Y,A,H,A,A,01,N,03,C,,,,,C,N,N,D,1,0,0,0,22350.0,2,38.95927423,-121.10217834,4
2019,2019-12-07,1714,12,4,17,6,N,A,N,A,H,D,A,01,W,08,E,,,,,I,Y,N,D,1,0,0,0,22107.0,1,38.89741134643555,-121.31635284423828,4
2019,2019-12-20,2049,12,4,20,5,Y,B,N,A,H,C,-,- ,,00,A,,,,,C,Y,N,A,1,0,0,0,,3,38.87239074707031,-121.29509735107422,3
2016,2016-08-24,630,8,2,6,3,N,A,Y,A,H,A,A,01,S,03,C,,,,,C,Y,N,D,2,0,0,0,22350.0,2,38.88606,-121.34008,4
2016,2016-08-24,1645,8,2,16,3,N,A,Y,A,H,A,A,01,N,03,C,,,,,C,Y,N,D,1,0,0,0,22350.0,2,38.77906643,-121.26885176,4
2016,2016-07-07,912,7,2,9,4,N,A,Y,A,H,A,G,25,W,08,E,,,,Y,I,Y,N,D,1,0,0,0,22107.0,1,39.30538127,-120.52280035,1
2016,2016-09-05,2035,9,3,20,1,N,A,Y,A,H,D,A,01,W,03,E,,,,,I,Y,N,D,1,0,0,0,22350.0,1,39.12732815,-120.95878454,3
2016,2016-08-25,1730,8,2,17,4,N,A,Y,A,H,A,C,02,E,03,C,,,Y,,C,Y,N,D,1,0,0,1,22350.0,2,38.76610085,-121.25508477,3
2016,2016-08-26,2240,8,2,22,5,N,A,Y,A,H,D,-,- ,W,00,D,,,,,C,Y,N,D,5,0,0,0,,6,38.73935719,-121.27422516,3
2016,2016-08-26,942,8,2,9,5,N,A,N,A,H,A,A,01,W,08,E,,,,,I,Y,N,D,1,0,0,0,22107.0,1,38.92758571,-121.08443555,4
2020,2020-01-19,1910,1,4,19,7,N,A,N,A,H,C,A,01,N,01,E,,,,,I,Y,N,D,1,0,0,0,23152.0,1,38.76508331298828,-121.23704528808594,3
2016,2016-08-08,1138,8,2,11,1,N,A,Y,A,H,A,G,25,E,08,E,,,,Y,I,Y,N,D,0,0,0,0,22107.0,1,39.11772186,-120.94235768,1
2016,2016-08-28,1809,8,2,18,7,N,A,Y,A,H,A,D,22,E,21,C,,,,,C,N,N,D,1,0,0,0,22106.0,2,38.94542294,-121.04623617,4
2020,2020-01-24,840,1,4,8,5,N,A,N,A,H,A,A,01,S,03,C,,,,,C,N,N,D,1,0,0,0,22350.0,3,38.72903060913086,-121.27208709716795,4
2016,2016-07-16,2332,7,2,23,6,N,A,N,A,H,D,-,- ,W,18,H,Y,,,Y,E,N,N,D,1,1,0,0,,4,38.85113,-121.30007,4
2016,2016-08-29,110,8,2,1,1,N,A,Y,A,H,C,A,07,S,08,E,,,,,I,Y,N,D,1,0,0,0,22107.0,1,,,3
2016,2016-08-30,755,8,2,7,2,N,A,Y,A,H,A,A,08,W,03,C,,,,,C,N,N,A,1,0,0,0,22350.0,2,38.78529101,-121.22630527,4
2016,2016-08-31,1805,8,2,18,3,N,A,N,A,H,A,A,01,S,05,A,,,,,C,Y,N,D,2,0,0,0,21460.0,3,38.73588658,-121.39256968,3
2016,2016-08-31,1720,8,2,17,3,N,A,Y,A,H,A,G,25,N,21,C,,,,Y,C,N,N,A,2,0,0,0,22106.0,2,,,4
2016,2016-08-31,2200,8,2,22,3,N,A,N,A,H,D,A,01,S,08,E,,,,,I,Y,N,D,1,0,0,0,22107.0,1,38.88378408,-121.23801112,3
2016,2016-09-02,1200,9,3,12,5,N,A,N,A,H,A,A,07,W,03,C,,,,,C,N,N,A,2,0,0,0,22350.0,2,38.74386769,-121.22356542,4
2016,2016-08-25,1900,8,2,19,4,N,A,N,A,H,A,C,02,N,08,F,,,Y,,A,N,N,D,1,0,0,1,22107.0,1,38.80077699,-121.13176213,3
2016,2016-09-03,1355,9,3,13,6,N,A,Y,A,H,A,A,01,S,03,C,,,,,C,Y,N,D,1,0,0,0,22350.0,2,38.77453595,-121.25943324,3
2016,2016-09-03,2000,9,3,20,6,N,A,N,A,C,D,A,01,E,08,E,,,,,I,Y,N,D,1,0,0,0,22107.0,1,38.94272987,-120.98373055,4
2016,2016-09-05,1310,9,3,13,1,Y,A,Y,A,H,A,A,01,,03,C,,,,,C,Y,N,A,1,0,0,0,22350.0,2,,,4
2016,2016-09-06,845,9,3,8,2,Y,A,N,A,H,A,A,01,,03,C,,,,,C,Y,N,A,2,0,0,0,22350.0,2,38.75159997,-121.4511699,4
2016,2016-09-08,835,9,3,8,4,N,A,Y,A,H,A,A,01,E,03,C,,,,,C,Y,N,D,1,0,0,0,22350.0,3,38.73139085,-121.2832952,4
2016,2016-09-08,1710,9,3,17,4,N,A,Y,A,H,A,A,07,S,21,C,,,,,C,N,N,A,1,0,0,0,22106.0,2,38.93527358,-121.09338397,4
2016,2016-09-09,1810,9,3,18,5,N,A,N,A,H,A,A,01,N,09,D,,,,,C,Y,N,D,1,0,0,0,21801.0,2,38.74092827,-121.17061665,3
2016,2016-09-09,1350,9,3,13,5,Y,A,Y,A,H,A,A,01,,12,D,,,,,C,Y,N,A,1,0,0,0,21453.0,2,38.93527358,-121.09338397,4
2016,2016-09-10,1430,9,3,14,6,N,A,Y,A,H,A,A,01,N,03,C,,,,,C,N,N,D,2,0,0,0,22350.0,2,38.77082508,-121.25002143,4
2016,2016-09-10,1615,9,3,16,6,N,A,Y,A,H,A,A,01,E,03,C,,,,,C,Y,N,D,2,0,0,0,22350.0,2,38.76278499,-121.25838372,4
2016,2016-09-02,1655,9,3,16,5,N,A,Y,A,H,A,A,01,W,03,C,,,,,C,Y,F,D,1,0,0,0,22350.0,2,39.31369676,-120.62827994,4
2016,2016-09-06,1640,9,3,16,2,N,A,Y,A,H,A,A,01,W,08,E,,,,,I,Y,N,D,2,0,0,0,22107.0,1,39.17828271,-120.8541838,2
2016,2016-09-04,1755,9,3,17,7,N,A,Y,A,H,A,A,07,W,01,F,,,,,I,Y,N,D,1,0,0,0,23152.0,1,39.30955375,-120.65444074,3
2016,2016-09-07,1725,9,3,17,3,N,A,Y,A,H,A,A,01,W,03,C,,,,,C,Y,N,D,1,0,0,0,22350.0,3,38.76274034,-121.25874319,4
2016,2016-09-11,2300,9,3,23,7,N,A,Y,A,H,D,D,22,W,03,C,,,,,C,N,F,A,2,0,0,0,22350.0,2,38.88652667,-121.23822076,4
2016,2016-09-03,1325,9,3,13,6,N,A,Y,A,H,A,C,02,S,01,C,,,Y,,C,N,N,D,1,0,0,1,23152.0,2,39.18658405,-120.19485327,3
2016,2016-09-13,1720,9,3,17,2,N,A,Y,A,H,A,D,22,E,03,C,,,,,C,N,N,D,2,0,0,0,22350.0,3,38.76295,-121.25861,4
2016,2016-09-12,1305,9,3,13,1,Y,A,N,A,H,A,D,22,,08,D,,,,,C,Y,F,C,2,0,0,0,22107.0,2,38.94060989,-121.10318999,4
2016,2016-09-13,1350,9,3,13,2,Y,A,N,A,H,A,A,01,,09,D,,,,Y,C,Y,N,D,2,0,0,0,21801.0,3,38.93489994,-121.09788995,3
2016,2016-09-02,1338,9,3,13,5,N,A,Y,A,H,A,A,01,E,03,C,,,,,C,Y,N,D,1,0,0,0,22350.0,2,38.83448595,-121.16780012,4
2016,2016-09-09,804,9,3,8,5,N,A,N,A,D,A,F,27,S,17,E,,,,Y,J,Y,N,D,1,0,0,0,23114.0,2,38.85471181,-121.10263468,4
2016,2016-08-30,1705,8,2,17,2,N,A,Y,A,H,A,A,01,E,03,C,,,,,C,N,N,D,2,0,0,0,22350.0,3,,,4
2016,2016-09-14,1940,9,3,19,3,N,A,N,A,H,D,A,01,W,01,E,,,,,I,Y,N,D,1,0,0,0,23152.0,1,38.95891638,-121.06539311,3
2016,2016-09-03,20,9,3,0,6,N,A,N,A,H,C,N,60,W,11,G,Y,,,,B,N,N,D,1,1,0,0,21954.0,2,38.85108421,-121.16477563,4
2016,2016-08-28,1705,8,2,17,7,Y,A,Y,A,H,A,A,07,,12,D,,,,,C,Y,N,A,1,0,0,0,21453.0,2,38.74406994,-121.18918997,4
2016,2016-09-01,2005,9,3,20,4,N,A,N,A,H,D,C,02,E,03,B,,,Y,,C,N,N,D,1,0,0,1,22350.0,2,39.04291952,-120.99519968,4
2016,2016-09-12,1418,9,3,14,1,N,A,Y,A,H,A,A,01,N,08,E,,,,,I,Y,N,D,1,0,0,0,22107.0,1,39.22210535,-120.20217706,3
2016,2016-08-15,1720,8,2,17,1,Y,A,N,A,H,A,A,01,,08,E,,,,,J,Y,N,D,1,0,0,0,22107.0,1,38.8765399,-121.13246986,4
2016,2016-09-12,1325,9,3,13,1,N,A,Y,A,H,A,A,01,E,03,F,,,,,I,Y,N,D,1,0,0,0,22350.0,1,39.12835995,-120.93725009,4
2016,2016-09-02,1525,9,3,15,5,Y,A,N,A,H,E,A,07,,09,A,,,,,C,Y,N,D,2,0,0,0,21801.0,2,38.74426999,-121.19862994,3
2016,2016-09-03,750,9,3,7,6,Y,A,Y,A,H,A,A,01,,12,D,,,,,C,N,N,A,3,0,0,0,21453.0,2,38.93846288,-121.09591014,4
2016,2016-09-19,1550,9,3,15,1,N,A,Y,A,H,A,A,01,E,08,E,,,,,I,Y,N,D,1,0,0,0,22107.0,1,39.30559333,-120.53750816,3
2016,2016-09-10,1725,9,3,17,6,N,A,Y,A,H,A,D,23,W,03,C,,,,,C,Y,N,D,1,0,0,0,22350.0,2,38.76343355,-121.25791654,4
2016,2016-09-09,2050,9,3,20,5,N,A,Y,A,H,D,D,22,S,01,E,,,,,I,Y,N,D,1,0,0,0,23152.0,1,,,3
2016,2016-09-11,1520,9,3,15,7,N,A,N,A,H,A,A,07,W,08,E,,,,,I,Y,N,D,1,0,0,0,22107.0,1,38.89755573,-121.22317389,3
2016,2016-09-11,2040,9,3,20,7,N,A,Y,A,H,C,D,22,W,08,F,,,,,A,Y,N,D,1,0,0,0,22107.0,1,38.76512127,-121.25659827,2
2016,2016-09-12,1100,9,3,11,1,N,A,N,A,H,A,A,01,W,08,E,,,,,I,Y,N,A,1,0,0,0,22107.0,1,38.83946,-121.2128479,4
2016,2016-09-12,345,9,3,3,1,N,A,Y,A,H,C,A,01,E,07,B,,,,Y,C,N,F,D,1,0,0,0,21658.0,2,38.89883266,-121.0763415,4
2016,2016-09-13,1135,9,3,11,2,N,A,N,A,H,A,C,02,N,03,F,,,Y,,A,N,N,A,1,0,0,1,22350.0,1,38.7456205,-121.36446223,4
2016,2016-09-13,1405,9,3,14,2,Y,A,N,A,H,A,A,01,,09,D,,,Y,,C,Y,N,D,1,0,0,1,21801.0,2,38.76755999,-121.1568299,3
2016,2016-08-28,2205,8,2,22,7,N,A,N,A,H,D,A,01,N,08,E,,,,,I,Y,N,D,1,0,0,0,22107.0,1,38.79678154,-121.16406435,4
2016,2016-09-13,2025,9,3,20,2,N,A,Y,A,H,D,A,01,S,01,F,,,,,A,Y,N,D,1,0,0,0,23152.0,1,38.97222495,-121.10635032,3
2016,2016-09-15,1500,9,3,15,4,N,A,Y,A,H,A,A,01,E,03,C,,,,,C,Y,N,D,1,0,0,0,22350.0,3,38.76088679,-121.25967824,3
2016,2016-09-15,320,9,3,3,4,N,A,Y,A,H,C,A,07,N,08,E,,,,,I,Y,N,D,1,0,0,0,22107.0,1,38.8754334,-121.3135994,4
2016,2016-09-16,1530,9,3,15,5,N,A,N,A,H,A,A,01,W,01,C,,,,,C,N,F,A,1,0,0,0,23152.0,2,38.82533,-121.16870021,4
2016,2016-09-03,1455,9,3,14,6,N,A,Y,A,H,A,E,22,S,03,C,,,,,C,Y,N,D,6,0,0,0,22350.0,4,,,3
2015,2015-12-24,1350,12,4,13,4,N,B,Y,B,H,A,A,01,E,03,E,,,,,I,Y,N,D,1,0,0,0,22350.0,1,39.05150483,-120.97103459,4
2016,2016-09-08,1140,9,3,11,4,Y,A,Y,A,H,A,D,22,,09,D,,,,,C,Y,N,D,3,0,0,0,21802.0,2,38.99652996,-121.10909995,2
2016,2016-09-19,1954,9,3,19,1,Y,A,Y,A,H,B,A,07,,08,E,,,,,I,Y,N,D,1,0,0,0,22107.0,1,39.18764992,-120.11078986,4
2016,2016-09-19,1520,9,3,15,1,N,A,N,A,H,A,A,07,S,03,C,,,,,C,Y,N,D,1,0,0,0,22350.0,3,38.74108271,-121.17061842,4
2016,2016-09-19,1350,9,3,13,1,N,A,Y,A,H,A,A,01,W,03,C,,,,,C,N,N,D,1,0,0,0,22350.0,2,38.78748081,-121.22399935,4
2016,2016-09-22,1930,9,3,19,4,N,A,N,A,H,B,A,07,S,09,C,,,,,C,Y,N,A,3,0,0,0,21804.0,2,38.73441446,-121.36466861,4
2016,2016-09-09,1440,9,3,14,5,N,A,Y,A,H,A,A,08,W,08,E,,,,,I,Y,N,D,1,0,0,0,22107.0,1,38.9541993,-121.03804535,1
2016,2016-08-14,2052,8,2,20,7,N,A,N,A,H,D,A,01,N,01,E,,,,,J,Y,N,D,1,0,0,0,23152.0,1,38.81400388,-121.12611025,4
2016,2016-09-16,1720,9,3,17,5,N,A,Y,A,H,A,C,02,W,03,C,,,Y,,C,Y,N,D,4,0,0,3,22350.0,4,38.73745159,-121.27634471,3
2016,2016-09-10,2340,9,3,23,6,N,A,Y,A,H,C,A,07,E,01,E,,,,,I,Y,N,D,1,0,0,0,23152.0,1,38.83444072,-121.16811799,3
2016,2016-07-01,1610,7,2,16,5,Y,A,Y,A,H,A,A,01,,09,D,,,Y,,C,Y,N,D,1,0,0,1,21804.0,2,,,1
2016,2016-09-25,1235,9,3,12,7,N,A,N,A,H,A,C,02,E,08,E,,,Y,,I,Y,N,D,1,0,0,1,22107.0,1,39.04038727,-120.94915808,2
2016,2016-09-25,1410,9,3,14,7,N,A,Y,A,B,A,-,- ,W,18,F,,,Y,,A,Y,N,D,1,0,0,1,,1,38.89982171,-121.0753742,2