ACCIDENT_YEAR,COLLISION_DATE,COLLISION_TIME,MONTH,SEASON,24HOURS,DAY_OF_WEEK,INTERSECTION,WEATHER_1,STATE_HWY_IND,ROAD_SURFACE,ROAD_COND_1,LIGHTING,STWD_VEHTYPE_AT_FAULT,CHP_VEHTYPE_AT_FAULT,DIRECTION,PCF_VIOL_CATEGORY,TYPE_OF_COLLISION,PEDESTRIAN_ACCIDENT,BICYCLE_ACCIDENT,MOTORCYCLE_ACCIDENT,TRUCK_ACCIDENT,MVIW,TOW_AWAY,HIT_AND_RUN,CONTROL_DEVICE,NUMBER_INJURED,COUNT_PED_INJURED,COUNT_BICYCLIST_INJURED,COUNT_MC_INJURED,PCF_VIOLATION,PARTY_COUNT,POINT_Y,POINT_X,COLLISION_SEVERITY
2016,2016-12-24,1935,12,4,19,6,Y,A,N,A,H,C,A,08,,12,A,,,,,C,Y,N,A,2,0,0,0,21453.0,2,38.94238991,-121.09431988,4
2016,2016-12-29,1110,12,4,11,4,N,A,Y,A,H,A,A,07,E,04,C,,,,,C,Y,N,D,1,0,0,0,21703.0,2,38.83751041,-121.16420003,4
2016,2016-12-29,1835,12,4,18,4,N,A,N,A,H,C,A,07,E,08,A,,,,,C,Y,F,D,1,0,0,0,22107.0,2,38.74406132,-121.1883135,4
2016,2016-12-29,1035,12,4,10,4,N,A,N,A,H,A,-,- ,E,18,E,,,Y,,J,Y,N,D,1,0,0,1,,2,39.00072734,-120.90383623,4
2016,2016-12-23,904,12,4,9,5,N,D,Y,C,H,A,A,01,N,03,A,,,,,C,Y,N,A,5,0,0,0,22350.0,2,39.11733919,-120.15845501,3
2016,2016-12-26,1530,12,4,15,1,N,A,N,C,H,A,C,06,W,22,E,,,Y,,J,Y,N,D,1,0,0,1,,1,39.23287088,-120.12715369,4
2016,2016-12-29,1015,12,4,10,4,N,A,N,B,H,A,A,07,W,03,E,,,,,J,Y,N,D,1,0,0,0,22350.0,1,39.15800069,-120.15246075,4
2016,2016-12-16,2035,12,4,20,5,N,C,Y,B,H,D,-,99,E,05,C,,,,,C,Y,M,D,2,0,0,0,21651.0,3,39.26489787,-120.72826709,4
2017,2017-01-03,950,1,4,9,2,N,B,N,C,H,A,A,01,E,03,A,,,,,I,N,N,D,1,0,0,0,22350.0,2,39.26935627,-120.12477622,4
2016,2016-12-15,2005,12,4,20,4,Y,C,Y,B,H,D,A,01,,09,B,,,,,C,Y,N,A,1,0,0,0,21802.0,2,38.88651824,-121.2451198,4
2016,2016-12-27,1310,12,4,13,2,N,A,Y,A,H,A,A,07,E,07,E,,,,,I,Y,N,D,2,0,0,0,21658.0,2,39.13454947,-120.9314122,3
2017,2017-01-02,1005,1,4,10,1,N,D,N,C,H,A,A,08,W,03,C,,,,,C,Y,N,D,1,0,0,0,22350.0,2,39.00740045,-120.85339526,4
2016,2016-12-23,1640,12,4,16,5,N,C,Y,B,H,A,A,01,N,03,C,,,,,C,N,N,D,2,0,0,0,22350.0,2,38.77758,-121.26726,3
2016,2016-12-31,1720,12,4,17,6,N,A,N,A,H,D,A,01,N,03,C,,,,,C,Y,N,A,3,0,0,0,22350.0,4,38.73018302,-121.36465243,4
2016,2016-12-20,1717,12,4,17,2,N,A,Y,A,H,C,D,22,W,03,C,,,,,C,Y,N,D,2,0,0,0,22350.0,3,38.75784596,-121.26165806,4
2016,2016-10-04,230,10,3,2,2,N,A,N,A,H,D,A,07,E,08,E,,,,,I,Y,N,A,0,0,0,0,22107.0,1,38.87307058,-121.12317596,1
2016,2016-09-20,1659,9,3,16,2,N,A,Y,A,H,A,C,02,W,01,C,,,Y,,C,Y,N,D,1,0,0,1,23152.0,2,38.76510982,-121.25619847,2
2016,2016-12-30,1645,12,4,16,5,N,A,Y,A,H,D,A,01,,03,E,,,,,I,N,N,A,1,0,0,0,22350.0,1,39.09581996,-120.94963,3
2016,2016-12-29,1615,12,4,16,4,Y,B,Y,B,B,A,A,07,,03,D,,,,,C,N,N,D,1,0,0,0,22350.0,2,39.30395991,-120.67144993,4
2017,2017-01-02,530,1,4,5,1,N,B,Y,B,H,D,J,41,W,03,C,,,,,C,Y,N,D,2,0,0,0,22350.0,2,38.76527251,-121.25594704,3
2017,2017-01-04,1105,1,4,11,3,N,B,Y,B,H,A,A,07,E,03,E,,,,,I,Y,N,D,1,0,0,0,22350.0,1,38.74408,-121.27107,3
2017,2017-01-05,1505,1,4,15,4,N,A,Y,A,H,A,A,01,E,03,C,,,,,C,Y,N,D,1,0,0,0,22350.0,2,,,4
2016,2016-12-23,1615,12,4,16,5,N,B,N,B,H,A,A,01,W,01,E,,,,,I,Y,N,D,1,0,0,0,23152.0,1,38.93443289,-121.12898308,2
2016,2016-12-28,1420,12,4,14,3,N,A,Y,A,H,A,A,07,S,03,C,,,,,C,Y,N,D,1,0,0,0,22350.0,3,39.27552454,-120.10177962,4
2017,2017-01-01,205,1,4,2,7,N,B,Y,C,H,E,A,01,N,08,F,,,,,A,Y,N,D,1,0,0,0,22107.0,1,39.25164876,-120.03592413,4
2016,2016-12-26,1255,12,4,12,1,N,A,Y,A,H,A,A,07,W,07,B,,,,,C,Y,N,D,1,0,0,0,21658.0,2,38.76506222,-121.25627106,4
2016,2016-12-22,1830,12,4,18,4,N,A,N,A,H,D,A,07,N,08,E,,,,,I,Y,N,D,1,0,0,0,22107.0,1,38.97821146,-121.01874825,2
2017,2017-01-01,1552,1,4,15,7,N,B,Y,B,H,A,A,01,W,03,F,,,,,A,Y,N,D,4,0,0,0,22350.0,1,39.27336884,-120.71371605,2
2016,2016-12-27,1820,12,4,18,2,N,A,Y,A,H,D,D,22,W,07,B,,,,,C,Y,N,D,3,0,0,0,21658.0,2,,,4
2017,2017-01-05,1655,1,4,16,4,N,A,Y,A,H,A,A,07,S,07,B,,,Y,,C,Y,N,D,1,0,0,1,21658.0,3,,,4
2017,2017-01-01,2020,1,4,20,7,N,D,Y,C,H,D,A,08,E,03,E,,,,,I,Y,N,A,2,0,0,0,22350.0,3,39.22424949,-120.76742721,4
2017,2017-01-01,1200,1,4,12,7,N,D,Y,C,H,A,D,22,W,03,C,,,,,C,Y,N,D,2,0,0,0,22350.0,2,39.31512832,-120.61864715,3
2016,2016-12-09,1113,12,4,11,5,N,B,Y,B,H,A,A,01,E,03,C,,,,,C,Y,N,D,1,0,0,0,22350.0,3,38.77467155,-121.24123087,4
2017,2017-01-05,1748,1,4,17,4,N,A,Y,A,H,D,A,01,E,07,C,,,,,C,Y,N,D,1,0,0,0,21658.0,2,38.74918953,-121.2675577,4
2017,2017-01-06,440,1,4,4,5,N,A,N,C,H,D,A,07,N,03,F,,,,,A,Y,N,D,1,0,0,0,22350.0,1,38.86836103,-121.23385328,3
2017,2017-01-08,1023,1,4,10,7,N,B,Y,B,H,A,A,01,W,03,D,,,,,C,Y,N,D,1,0,0,0,22350.0,2,38.78815828,-121.22320432,4
2016,2016-12-24,1430,12,4,14,6,N,B,N,C,C,A,A,01,E,03,A,Y,,,,E,N,N,D,1,1,0,0,22350.0,4,39.3115978,-120.4991895,4
2017,2017-01-03,625,1,4,6,2,N,B,Y,C,H,A,G,25,E,03,B,,,,Y,C,Y,N,A,1,0,0,0,22350.0,2,39.18848207,-120.824796,3
2017,2017-01-08,1659,1,4,16,7,N,B,N,B,C,B,D,22,N,08,E,,,,,I,Y,N,A,1,0,0,0,22107.0,1,38.81125135,-121.12712702,4
2017,2017-01-08,400,1,4,4,7,N,C,Y,B,H,C,A,07,S,01,F,,,,,A,Y,N,D,1,0,0,0,23152.0,1,38.99452418,-121.11072059,3
2017,2017-01-08,1710,1,4,17,7,N,C,N,B,H,D,D,22,S,03,E,,,,,I,Y,N,D,2,0,0,0,22350.0,1,38.8550239,-121.10158146,3
2017,2017-01-03,755,1,4,7,2,N,B,N,C,H,A,D,22,S,03,E,,,,,I,Y,N,D,1,0,0,0,22350.0,1,39.11777,-120.94961,4
2017,2017-01-02,1825,1,4,18,1,N,D,Y,C,H,D,A,07,W,03,C,,,,,C,Y,N,A,1,0,0,0,22350.0,2,39.22433339,-120.76756061,4
2017,2017-01-06,1705,1,4,17,5,N,A,Y,A,H,B,A,01,S,03,C,,,,,C,N,N,D,2,0,0,0,22350.0,2,39.30325003,-120.12949138,4
2017,2017-01-07,1857,1,4,18,6,N,C,Y,B,H,D,A,01,E,01,E,,,,,I,Y,N,D,1,0,0,0,23152.0,1,39.31380569,-120.47049929,4
2016,2016-12-08,1140,12,4,11,4,N,B,Y,B,H,A,A,01,E,08,B,,,,,C,N,N,D,1,0,0,0,22107.0,2,38.72494,-121.28879,4
2017,2017-01-03,2343,1,4,23,2,N,C,Y,B,H,D,A,01,W,03,E,,,,,E,Y,N,D,1,0,0,0,22350.0,2,38.75718477,-121.26236926,4
2016,2016-12-30,1944,12,4,19,5,N,A,Y,A,H,C,A,01,S,07,B,,,,,C,Y,N,D,2,0,0,0,21658.0,2,38.79480195,-121.29659736,4
2020,2020-01-22,1627,1,4,16,3,N,A,N,A,H,A,D,22,W,03,C,,,,,C,Y,N,D,1,0,0,0,22350.0,3,38.80249786376953,-121.27114868164062,4
2016,2016-12-29,1950,12,4,19,4,N,A,Y,A,H,D,A,01,E,03,C,,,,,C,Y,N,B,1,0,0,0,22350.0,2,38.74506,-121.27145,4
2016,2016-12-11,130,12,4,1,7,N,B,Y,B,H,C,A,01,E,08,E,,,,,I,Y,N,D,0,0,0,0,22107.0,1,38.72525491,-121.28998953,1
2017,2017-01-04,1300,1,4,13,3,N,C,N,B,H,A,A,01,N,08,E,,,,,I,N,N,D,1,0,0,0,22107.0,1,38.85448694,-121.10717341,4
2017,2017-01-05,2010,1,4,20,4,N,A,Y,A,H,C,A,07,W,03,C,,,,,C,N,N,D,2,0,0,0,22350.0,2,,,4
2017,2017-01-06,2258,1,4,22,5,N,C,Y,B,H,D,A,01,E,08,E,,,,,I,Y,N,D,1,0,0,0,22107.0,1,38.77094899,-121.24720804,4
2017,2017-01-06,1800,1,4,18,5,N,B,Y,A,H,C,A,01,N,03,C,,,,,C,Y,N,D,2,0,0,0,22350.0,2,38.78910678,-121.28944544,4
2020,2020-01-09,1009,1,4,10,4,N,B,N,B,H,A,D,22,N,03,D,,,,,C,Y,N,D,3,0,0,0,22350.0,3,38.72964859008789,-121.30358123779295,4
2019,2019-12-21,710,12,4,7,6,Y,B,N,A,H,A,-,- ,,- ,B,,,,,C,Y,N,A,1,0,0,0,,2,38.76887130737305,-121.26589965820312,4
2020,2020-01-03,1710,1,4,17,5,N,A,N,A,H,C,F,55,W,08,D,,,,Y,C,Y,N,A,1,0,0,0,22107.0,2,38.72956085205078,-121.2580337524414,3
2017,2017-01-08,745,1,4,7,7,N,B,Y,B,H,B,A,07,S,08,E,,,,,I,N,N,D,1,0,0,0,22107.0,1,,,4
2020,2020-01-22,933,1,4,9,3,Y,B,N,B,H,A,A,01,,08,B,,,,,D,N,N,D,1,0,0,0,22107.0,2,38.81169128417969,-121.2587661743164,4
2017,2017-01-16,1205,1,4,12,1,N,A,N,A,H,A,D,22,S,21,G,Y,,,,B,N,F,D,1,1,0,0,22106.0,2,,,4
2020,2020-01-16,1500,1,4,15,4,N,B,N,B,H,A,-,- ,,18,B,,,,,C,N,N,A,1,0,0,0,,2,38.78670120239258,-121.25286102294922,4
2017,2017-01-09,224,1,4,2,1,N,C,Y,B,H,D,A,01,N,08,E,,,,,I,Y,N,D,1,0,0,0,22107.0,1,38.85446838,-121.1072124,3
2017,2017-01-06,735,1,4,7,5,N,A,N,B,B,A,A,01,N,08,D,,,,,C,Y,N,D,2,0,0,0,22107.0,2,38.86760684,-121.23191495,4
2017,2017-01-13,725,1,4,7,5,N,A,N,C,H,A,A,07,E,03,E,,,,,I,Y,N,D,3,0,0,0,22350.0,1,38.98403274,-120.93624819,4
2017,2017-01-10,540,1,4,5,2,N,B,Y,B,G,D,A,01,E,03,E,,,,,J,Y,N,D,1,0,0,0,22350.0,1,38.8925175,-121.18360768,4
2017,2017-01-13,538,1,4,5,5,N,B,Y,B,H,D,D,22,S,08,F,,,,,A,Y,N,D,1,0,0,0,22107.0,1,39.26866001,-120.07956938,3
2017,2017-01-06,730,1,4,7,5,N,A,N,C,H,A,-,99,E,03,G,Y,,,,B,N,F,D,1,1,0,0,22350.0,2,39.31498869,-120.34497857,4
2017,2017-01-07,1000,1,4,10,6,N,C,Y,B,H,A,A,01,E,07,B,,,,,C,N,N,D,1,0,0,0,21658.0,2,,,4
2017,2017-01-16,1000,1,4,10,1,N,B,N,A,H,A,A,01,W,08,E,,,,,I,Y,N,D,1,0,0,0,22107.0,1,38.96316,-121.13523,3
2017,2017-01-14,1330,1,4,13,6,N,A,Y,A,H,A,D,22,W,01,C,,,,,C,Y,N,D,5,0,0,0,23152.0,2,38.99721654,-120.99704768,2
2017,2017-01-14,1840,1,4,18,6,Y,B,N,A,H,D,A,01,,01,D,,,,,C,Y,N,D,1,0,0,0,23152.0,2,38.71393,-121.18862,3
2017,2017-01-18,1648,1,4,16,3,N,B,N,B,H,D,A,08,W,08,E,,,,,I,Y,N,D,1,0,0,0,22107.0,1,38.97958245,-120.94089789,4
2017,2017-01-15,1030,1,4,10,7,Y,B,Y,A,H,A,A,07,,09,D,,,,,C,Y,N,D,2,0,0,0,21804.0,2,39.22875005,-120.20571929,3
2017,2017-01-08,1040,1,4,10,7,N,B,Y,B,H,A,A,01,S,03,A,,,,,C,N,N,D,2,0,0,0,22350.0,2,,,4
2017,2017-01-16,1530,1,4,15,1,N,B,Y,A,H,A,A,07,N,03,C,,,,,C,N,N,D,1,0,0,0,22350.0,3,,,4
2017,2017-01-19,1550,1,4,15,4,Y,B,Y,B,H,A,A,01,,03,C,,,,,C,Y,N,A,1,0,0,0,22350.0,2,38.9300408,-121.08886456,3
2017,2017-01-19,1240,1,4,12,4,N,C,Y,B,H,A,A,01,W,08,E,,,,,I,Y,N,D,1,0,0,0,22107.0,1,38.91539053,-121.06386132,4
2017,2017-01-17,1745,1,4,17,2,N,A,N,A,H,C,A,01,S,03,C,,,,,C,N,N,D,1,0,0,0,22350.0,2,38.74012777,-121.36467,4
2017,2017-01-20,1400,1,4,14,5,N,B,N,B,H,A,A,07,N,08,D,,,,,C,Y,N,A,1,0,0,0,22107.0,3,38.94233979,-121.07927621,4
2020,2020-01-16,1045,1,4,10,4,Y,C,N,B,H,A,A,01,,09,D,,,,,C,N,N,A,2,0,0,0,21453.0,2,38.76887130737305,-121.26589965820312,3
2020,2020-01-04,1020,1,4,10,6,Y,A,N,B,A,A,A,07,,03,C,,,,,C,,N,B,1,0,0,0,22350.0,2,38.76478958129882,-121.22274780273438,2
2020,2020-01-13,1720,1,4,17,1,N,A,N,A,H,B,A,01,S,08,A,,,,,C,Y,N,D,1,0,0,0,22107.0,2,38.76796722412109,-121.255126953125,4
2020,2020-01-14,800,1,4,8,2,Y,B,N,B,H,A,A,01,,03,E,,,,,I,Y,N,D,2,0,0,0,22350.0,1,38.73775863647461,-121.28366088867188,3
2020,2020-01-21,2058,1,4,20,2,N,B,N,B,H,C,A,01,E,03,C,,,,,C,N,N,A,2,0,0,0,22350.0,2,38.744338989257805,-121.2529296875,4
2020,2020-01-24,758,1,4,7,5,N,A,N,B,H,A,-,- ,E,08,D,,,,,C,Y,N,D,1,0,0,0,22103.0,2,38.79739761352539,-121.2475128173828,3
2020,2020-01-24,2359,1,4,23,5,Y,B,N,B,H,C,-,- ,,00,D,,,,,C,Y,N,A,2,0,0,0,,2,38.79848098754882,-121.2926025390625,4
2020,2020-01-17,800,1,4,8,5,N,A,N,A,H,A,A,07,,03,C,,,,,C,N,N,A,1,0,0,0,22350.0,3,38.78466033935546,-121.24796295166016,3
2020,2020-01-11,2352,1,4,23,6,Y,A,N,A,H,C,A,07,,01,E,,,,,I,Y,N,D,1,0,0,0,23152.0,1,38.8258,-121.2678,3
2017,2017-01-14,800,1,4,8,6,N,A,Y,C,H,A,A,07,W,03,F,,,,,I,Y,N,D,1,0,0,0,22350.0,1,39.26158866,-120.72868343,4
2017,2017-01-15,640,1,4,6,7,N,B,Y,C,H,D,F,25,E,03,E,,,,Y,I,Y,N,D,1,0,0,0,22350.0,1,39.26118512,-120.72889108,4
2017,2017-01-13,1603,1,4,16,5,N,A,N,A,H,A,D,22,N,01,E,,,,,I,Y,N,D,2,0,0,0,23152.0,2,38.72067642,-121.17520194,2
2017,2017-01-18,1555,1,4,15,3,N,B,Y,B,H,C,A,01,E,21,C,,,,,C,Y,N,A,1,0,0,0,22106.0,2,38.94601181,-121.04723527,4
2020,2020-01-14,643,1,4,6,2,Y,A,N,B,H,C,A,01,,12,H,,Y,,,G,N,F,A,1,0,1,0,22450.0,2,38.75180816650391,-121.30312347412108,4
2020,2020-01-08,652,1,4,6,3,Y,B,N,D,H,A,C,02,,06,H,,,Y,,A,Y,N,A,1,0,0,1,21755.0,1,38.77864074707031,-121.30606079101562,2
2017,2017-01-21,1654,1,4,16,6,N,B,Y,A,H,B,D,22,S,03,C,,,,,C,Y,N,D,2,0,0,0,22350.0,3,38.77722541,-121.26518619,4
2017,2017-01-25,915,1,4,9,3,N,A,Y,A,H,A,A,08,N,03,C,,,,,C,Y,N,D,1,0,0,0,22350.0,2,38.78676412,-121.28476804,4
2017,2017-01-22,1830,1,4,18,7,N,B,Y,C,H,D,A,07,E,03,C,,,,,C,N,N,A,1,0,0,0,22350.0,2,39.2232286,-120.76830342,4
2016,2016-12-23,2140,12,4,21,5,N,B,N,B,H,D,A,01,W,01,E,,,,,I,Y,N,D,0,0,0,0,23152.0,1,39.03825283,-121.0029956,1
2017,2017-01-19,755,1,4,7,4,N,C,Y,B,H,A,D,22,W,08,E,,,,,I,Y,N,D,1,0,0,0,22107.0,1,38.90001881,-121.07515554,4
2017,2017-01-02,1800,1,4,18,1,N,B,N,C,H,C,A,07,N,08,B,Y,,,,C,N,N,A,1,1,0,0,22107.0,3,39.21400893,-120.08844339,4
2017,2017-01-22,720,1,4,7,7,N,C,Y,B,H,B,A,07,W,03,C,,,,,C,Y,N,D,2,0,0,0,22350.0,2,38.78315727,-121.22913552,3
2017,2017-01-24,1250,1,4,12,2,N,A,N,A,H,A,D,22,W,03,C,,,,,C,Y,N,D,1,0,0,0,22350.0,2,38.8972502,-121.37720217,4
2017,2017-01-26,1555,1,4,15,4,N,A,Y,A,H,A,A,07,E,03,C,,,,,C,Y,N,A,4,0,0,0,22350.0,3,,,4
2019,2019-01-30,1958,1,4,19,3,Y,A,N,A,H,C,A,01,,08,B,,,,,C,N,N,A,1,0,0,0,22107.0,2,38.76200866699219,-121.25586700439452,3
2016,2016-11-20,1215,11,3,12,7,N,B,N,B,H,A,A,01,W,03,E,,,,,I,Y,N,D,0,0,0,0,22350.0,1,38.97848151,-120.94170054,1
2017,2017-01-16,815,1,4,8,1,N,B,N,A,H,A,D,22,S,08,E,,,,,I,Y,N,A,1,0,0,0,22107.0,1,38.96256012,-121.06707745,4
2017,2017-01-26,855,1,4,8,4,N,A,N,A,H,A,A,01,E,03,C,,,,,C,Y,N,A,2,0,0,0,22350.0,4,38.74385661,-121.22139867,4
2017,2017-01-24,1505,1,4,15,2,N,A,Y,A,H,A,A,01,S,01,F,,,,,A,Y,N,D,1,0,0,0,23152.0,1,39.12129431,-120.95431543,3
2017,2017-01-27,1825,1,4,18,5,N,A,Y,A,H,D,A,07,E,03,C,,,,,C,Y,N,D,2,0,0,0,22350.0,2,38.82733636,-121.17654379,3
2017,2017-01-26,1550,1,4,15,4,N,A,Y,C,H,A,A,07,W,03,E,,,,,I,Y,N,D,1,0,0,0,22350.0,1,39.30521737,-120.52577937,3
2017,2017-01-21,205,1,4,2,6,N,D,Y,C,H,D,A,07,E,03,E,,,,,I,Y,N,A,1,0,0,0,22350.0,1,39.21588115,-120.77584414,3
2017,2017-01-27,1755,1,4,17,5,N,A,Y,A,H,C,A,01,N,03,C,,,,,C,N,N,D,1,0,0,0,22350.0,3,38.78674411,-121.2847126,4
2017,2017-01-23,1745,1,4,17,1,N,C,N,B,H,D,N,60,E,11,G,Y,,,,B,N,N,D,1,1,0,0,21954.0,2,38.9348004,-121.10374782,2
2017,2017-01-26,2317,1,4,23,4,N,A,Y,C,H,D,A,07,E,03,C,,,,,J,Y,N,D,2,0,0,0,22350.0,2,39.31175227,-120.48888106,4
2017,2017-01-24,1750,1,4,17,2,N,A,Y,A,H,C,A,07,E,03,C,,,,,C,N,N,D,1,0,0,0,22350.0,2,,,4
2017,2017-01-24,1810,1,4,18,2,N,A,Y,A,H,C,A,01,W,03,C,,,,,C,Y,N,D,1,0,0,0,22350.0,2,38.76493372,-121.25645366,4
2016,2016-10-13,2105,10,3,21,4,N,B,Y,A,H,D,A,01,E,05,A,,,,,C,Y,N,A,1,0,0,0,21651.0,2,39.12229019,-120.94081356,1
2017,2017-01-20,1810,1,4,18,5,N,B,N,B,H,C,A,01,W,03,C,,,,,C,N,M,A,1,0,0,0,22350.0,3,38.8391,-121.30711555,4
2017,2017-01-30,1550,1,4,15,1,N,A,N,A,H,A,D,22,E,08,D,,,,,C,Y,N,D,1,0,0,0,22107.0,2,38.87223,-121.13028925,4
2017,2017-01-12,1755,1,4,17,4,N,B,Y,C,H,D,-,- ,N,18,H,,,,,J,Y,N,A,1,0,0,0,,2,39.21695861,-120.20230923,2
2017,2017-01-27,630,1,4,6,5,N,A,Y,A,H,B,A,07,W,08,E,,,,,I,Y,N,D,1,0,0,0,22107.0,1,39.1973322,-120.81556184,4
2017,2017-01-20,1920,1,4,19,5,N,D,Y,C,H,C,A,01,E,03,B,,,,,C,N,N,A,1,0,0,0,22350.0,3,39.19834688,-120.0977034,2
2017,2017-02-06,814,2,4,8,1,Y,D,Y,C,H,A,A,01,,03,D,,,,,C,Y,N,D,1,0,0,0,22350.0,2,39.14033651,-120.15447371,2
2019,2019-01-10,1307,1,4,13,4,N,A,N,A,H,A,A,01,S,08,D,,,,,C,Y,N,D,1,0,0,0,22102.0,2,38.786235809326165,-121.30786895751952,4
2017,2017-01-21,1920,1,4,19,6,N,B,Y,B,H,D,A,01,W,08,E,,,,,I,Y,N,D,1,0,0,0,22107.0,1,38.87314,-121.13142,4
2017,2017-01-19,2010,1,4,20,4,N,B,Y,B,H,C,A,01,E,03,B,,,,Y,C,Y,N,D,1,0,0,0,22350.0,2,38.89853883,-121.07667325,3
2017,2017-01-20,2230,1,4,22,5,N,C,N,B,H,D,D,22,E,08,E,,,,,I,Y,N,D,1,0,0,0,22107.0,1,38.89134904,-121.08978878,3
2017,2017-01-28,1133,1,4,11,6,N,A,N,A,H,A,L,04,S,05,H,,Y,,,G,N,N,A,1,0,1,0,21650.0,2,38.74219157,-121.22620535,2
2017,2017-01-30,2154,1,4,21,1,N,A,Y,A,H,D,A,01,S,01,E,,,,,I,Y,N,D,1,0,0,0,23152.0,1,38.95477106,-121.05397579,3
2017,2017-02-07,1620,2,4,16,2,N,B,Y,B,H,A,D,22,S,09,B,,,,,C,Y,N,D,1,0,0,0,21804.0,2,39.16563748,-120.17841464,4
2017,2017-01-27,1810,1,4,18,5,N,A,Y,A,H,D,A,07,W,03,C,,,,,C,Y,N,D,2,0,0,0,22350.0,3,38.81465154,-121.19167024,4
2016,2016-12-15,1315,12,4,13,4,N,B,Y,B,H,A,A,01,S,03,A,,,,,C,Y,N,D,0,0,0,0,22350.0,2,,,1
2017,2017-02-01,1625,2,4,16,3,N,B,Y,A,H,A,A,01,S,03,C,,,,,C,Y,N,D,1,0,0,0,22350.0,2,38.78223937,-121.27524873,2
2017,2017-02-02,940,2,4,9,4,Y,C,Y,B,H,A,A,01,,01,H,,,,,C,Y,N,D,1,0,0,0,23152.0,2,38.96382,-121.10848987,4
2017,2017-02-02,1511,2,4,15,4,N,B,Y,A,H,A,A,01,N,03,C,,,,,C,Y,N,A,2,0,0,0,22350.0,4,38.92995828,-121.0887975,4
2017,2017-02-02,535,2,4,5,4,N,C,Y,B,H,C,A,01,N,08,E,,,,,I,Y,N,D,1,0,0,0,22107.0,1,,,4
2017,2017-01-29,949,1,4,9,7,N,A,Y,A,H,A,A,01,N,09,D,,,,,C,Y,N,D,2,0,0,0,21804.0,3,39.1871579,-120.19503432,3
2017,2017-02-09,2020,2,4,20,4,Y,D,N,C,H,C,A,07,,09,B,,,,,C,N,N,A,1,0,0,0,21802.0,2,39.2409099,-120.02181997,4
2017,2017-02-04,1414,2,4,14,6,N,B,Y,A,H,A,A,07,W,03,C,,,,,C,N,N,A,1,0,0,0,22350.0,2,38.9234,-121.05683,4
2017,2017-02-04,1923,2,4,19,6,N,B,Y,A,H,D,A,01,S,03,C,,,,,C,Y,N,D,1,0,0,0,22350.0,2,38.93738663,-121.09531507,4
2017,2017-02-03,640,2,4,6,5,N,C,Y,B,H,A,A,07,E,07,D,,,,,C,Y,N,D,1,0,0,0,21658.0,2,38.8404328,-121.160952,4
2017,2017-02-04,1145,2,4,11,6,N,B,Y,A,H,A,A,01,E,03,C,,,,,C,Y,N,D,2,0,0,0,22350.0,2,,,4
2017,2017-02-03,1630,2,4,16,5,N,B,N,B,H,A,A,01,N,03,C,,,,,C,Y,N,D,1,0,0,0,22350.0,3,38.73773737,-121.17057128,4
2017,2017-02-05,1945,2,4,19,7,N,B,N,B,H,C,A,01,W,01,C,,,,,C,Y,N,A,2,0,0,0,23152.0,2,38.839014,-121.31615281,3
2017,2017-02-04,742,2,4,7,6,Y,B,Y,B,H,A,A,01,,12,D,,,,,C,Y,N,A,2,0,0,0,21453.0,2,38.92039996,-121.08214996,3
2017,2017-02-04,1155,2,4,11,6,N,A,Y,A,H,A,A,07,E,03,C,,,,,C,Y,N,D,1,0,0,0,22350.0,4,,,4
2017,2017-02-10,1410,2,4,14,5,N,B,Y,B,H,A,-,- ,E,18,H,,,,,A,Y,N,D,1,0,0,0,,2,39.30436227,-120.67482907,4
2017,2017-02-10,2055,2,4,20,5,N,A,Y,C,H,C,D,23,S,03,C,,,,,C,N,N,C,4,0,0,0,22350.0,3,39.08763946,-120.16116127,4
2017,2017-02-02,1820,2,4,18,4,N,B,Y,B,H,C,D,22,S,09,D,,,,,C,Y,N,A,1,0,0,0,21804.0,2,39.12775923,-120.16187703,3
2017,2017-02-09,1240,2,4,12,4,N,C,Y,B,H,A,A,01,E,08,F,,,,,A,Y,N,D,1,0,0,0,22107.0,1,39.30364527,-120.65631744,4
2017,2017-02-04,1523,2,4,15,6,N,B,N,B,H,A,A,01,W,08,E,,,,,I,Y,N,D,1,0,0,0,22107.0,1,38.99911827,-121.04078128,3
2016,2016-11-28,835,11,3,8,1,Y,B,Y,B,H,A,D,22,,09,A,,,,,C,Y,N,A,1,0,0,0,21801.0,2,38.9810699,-121.37814,4
2017,2017-02-07,735,2,4,7,2,N,B,N,B,F,A,A,01,W,08,E,,,,,I,Y,N,A,1,0,0,0,22107.0,1,38.76699002,-121.17138191,4
2017,2017-02-07,920,2,4,9,2,N,B,Y,B,H,A,A,07,S,03,D,,,,,C,Y,N,D,2,0,0,0,22350.0,3,,,4
2019,2019-11-01,1852,11,3,18,5,N,A,N,A,H,C,A,07,E,03,C,,,,,C,N,M,A,1,0,0,0,22350.0,2,38.74419784545898,-121.25852966308594,4
2017,2017-02-09,2200,2,4,22,4,N,B,Y,B,H,C,D,22,W,03,D,,,,,C,Y,N,A,2,0,0,0,22350.0,3,38.74367156,-121.27109509,3
2017,2017-02-08,1037,2,4,10,3,N,C,Y,B,H,A,D,22,E,08,D,,,,,C,Y,N,D,1,0,0,0,22107.0,3,38.74538637,-121.26998616,4
2017,2017-02-09,1805,2,4,18,4,Y,B,Y,B,H,C,A,01,,09,D,,,,,C,Y,N,A,4,0,0,0,21802.0,2,38.9782499,-121.10835989,4
2017,2017-02-09,1605,2,4,16,4,N,C,Y,B,H,A,A,01,N,03,E,,,,,I,Y,N,D,1,0,0,0,22350.0,1,,,4
2017,2017-02-11,1850,2,4,18,6,N,A,N,C,H,D,-,99,W,08,B,Y,,,,C,N,F,D,1,1,0,0,22107.0,3,39.20192798,-120.2239782,3
2017,2017-02-03,1745,2,4,17,5,N,C,N,B,H,B,A,07,S,03,C,,,,,C,Y,N,A,1,0,0,0,22350.0,3,38.73132202,-121.36466324,4
2017,2017-02-11,1635,2,4,16,6,N,B,Y,A,H,A,-,- ,W,07,B,,,,,C,N,N,D,1,0,0,0,21658.0,2,38.82485869,-121.17951919,4