ACCIDENT_YEAR,COLLISION_DATE,COLLISION_TIME,MONTH,SEASON,24HOURS,DAY_OF_WEEK,INTERSECTION,WEATHER_1,STATE_HWY_IND,ROAD_SURFACE,ROAD_COND_1,LIGHTING,STWD_VEHTYPE_AT_FAULT,CHP_VEHTYPE_AT_FAULT,DIRECTION,PCF_VIOL_CATEGORY,TYPE_OF_COLLISION,PEDESTRIAN_ACCIDENT,BICYCLE_ACCIDENT,MOTORCYCLE_ACCIDENT,TRUCK_ACCIDENT,MVIW,TOW_AWAY,HIT_AND_RUN,CONTROL_DEVICE,NUMBER_INJURED,COUNT_PED_INJURED,COUNT_BICYCLIST_INJURED,COUNT_MC_INJURED,PCF_VIOLATION,PARTY_COUNT,POINT_Y,POINT_X,COLLISION_SEVERITY
2020,2020-02-07,2112,2,4,21,5,Y,A,N,A,H,C,A,01,,00,B,,,,,C,Y,N,A,2,0,0,0,23350.0,3,38.72951126098633,-121.27208709716795,3
2017,2017-08-25,1015,8,2,10,5,Y,A,N,A,H,A,A,01,,08,D,,,,,C,Y,N,D,1,0,0,0,22107.0,2,39.00074999,-120.90567994,4
2017,2017-09-01,900,9,3,9,5,N,A,N,A,H,A,A,01,N,04,C,,,,,C,Y,N,A,1,0,0,0,21703.0,2,38.7489438,-121.17058897,4
2017,2017-09-04,1550,9,3,15,1,N,A,Y,A,H,A,A,01,E,04,C,,,,,C,N,N,D,1,0,0,0,21703.0,3,39.23490535,-120.01889807,4
2017,2017-09-02,945,9,3,9,6,N,A,Y,A,H,A,B,07,E,03,E,,,,,I,Y,N,D,1,0,0,0,22406.0,1,39.20361254,-120.79626342,3
2017,2017-09-01,1550,9,3,15,5,N,A,Y,A,H,A,A,01,W,03,C,,,,,C,Y,N,D,1,0,0,0,22350.0,3,38.75068176,-121.26630411,4
2017,2017-09-01,1825,9,3,18,5,Y,A,N,A,H,A,A,01,,03,C,,,,,C,Y,N,D,1,0,0,0,22350.0,2,38.98864996,-121.02317991,4
2017,2017-09-01,1430,9,3,14,5,N,A,N,A,H,A,E,22,W,03,C,,,,,C,Y,N,D,2,0,0,0,22350.0,4,38.74413699,-121.19173059,4
2017,2017-09-01,1855,9,3,18,5,N,A,Y,A,H,A,A,01,W,01,E,,,,,I,Y,M,D,1,0,0,0,23152.0,1,38.74287,-121.27107,3
2017,2017-09-03,215,9,3,2,7,N,A,Y,A,G,D,G,27,W,03,C,,,,Y,C,Y,N,D,1,0,0,0,22350.0,2,39.01294257,-120.98972823,4
2017,2017-08-29,1150,8,2,11,2,N,A,N,A,H,A,D,22,E,08,E,,,,,I,Y,N,D,1,0,0,0,22107.0,1,39.2418178,-120.04658818,4
2017,2017-08-27,730,8,2,7,7,N,A,Y,A,H,A,A,01,W,17,E,,Y,,,J,N,N,D,1,0,1,0,22517.0,2,39.17187529,-120.13985244,2
2017,2017-09-04,1201,9,3,12,1,N,A,Y,A,H,A,A,07,E,03,C,,,,,C,Y,N,D,1,0,0,0,22350.0,2,38.84145923,-121.15972601,4
2017,2017-09-03,1340,9,3,13,7,N,A,Y,A,H,A,A,01,S,03,C,,,,,C,Y,N,D,1,0,0,0,22350.0,2,38.78329821,-121.27782091,4
2017,2017-09-03,50,9,3,0,7,N,A,Y,A,H,C,E,22,W,17,F,,,,,A,Y,N,D,2,0,0,0,21711.0,1,,,4
2017,2017-09-05,1650,9,3,16,2,N,A,Y,A,H,A,A,07,S,03,C,,,,,C,Y,N,D,1,0,0,0,22350.0,5,38.77335,-121.25506,4
2017,2017-04-12,1435,4,1,14,3,N,B,Y,A,H,A,A,01,N,06,E,,,,,I,Y,N,D,1,0,0,0,21755.0,1,38.85547896,-121.29951764,1
2017,2017-09-06,300,9,3,3,3,N,A,Y,A,H,D,A,01,N,03,C,,,,,C,Y,N,D,2,0,0,0,22350.0,2,38.80337993,-121.30010143,3
2017,2017-09-02,1010,9,3,10,6,N,A,Y,A,H,E,B,07,W,03,C,,,,Y,C,Y,N,D,1,0,0,0,22350.0,2,39.20506033,-120.7943535,4
2017,2017-09-02,1125,9,3,11,6,N,A,Y,A,H,A,D,22,W,03,C,,,,,C,Y,N,D,7,0,0,0,22350.0,4,39.17221982,-120.86442691,3
2017,2017-09-06,1830,9,3,18,3,N,A,Y,A,H,A,A,01,W,07,B,,,,Y,C,Y,N,D,1,0,0,0,21658.0,3,38.74382197,-121.27103277,4
2017,2017-09-07,1515,9,3,15,4,N,A,Y,A,H,A,A,01,W,03,C,,,,,C,Y,N,D,2,0,0,0,22350.0,4,38.85267242,-121.14583902,3
2020,2020-02-23,906,2,4,9,7,Y,A,N,A,H,A,A,07,,01,D,,,,,C,,N,A,3,0,0,0,23152.0,3,38.79520034790039,-121.30046081542967,3
2020,2020-02-11,1455,2,4,14,2,N,A,N,A,H,A,D,22,W,03,C,,,,,C,Y,N,D,1,0,0,0,22350.0,3,38.767425537109375,-121.2634735107422,4
2020,2020-01-26,2017,1,4,20,7,Y,A,N,A,H,C,A,01,,01,E,,,,,I,Y,N,A,1,0,0,0,23152.0,1,38.74100112915039,-121.25360870361328,4
2017,2017-08-28,1340,8,2,13,1,Y,A,N,A,H,A,A,07,,08,D,,Y,,,G,N,N,D,1,0,1,0,22107.0,2,39.06756992,-120.1431799,2
2017,2017-09-07,1425,9,3,14,4,N,A,N,A,H,A,A,07,E,09,D,,,,,C,Y,N,D,2,0,0,0,21804.0,2,39.1917841,-120.10534744,4
2017,2017-09-08,2310,9,3,23,5,N,A,N,A,H,D,D,22,E,01,E,,,,,I,Y,N,D,1,0,0,0,23152.0,1,38.85251497,-121.13120743,3
2017,2017-09-08,1525,9,3,15,5,N,A,Y,A,H,A,A,01,W,03,C,,,,,C,Y,N,D,1,0,0,0,22350.0,3,38.78361239,-121.22828364,4
2017,2017-09-10,930,9,3,9,7,N,A,N,A,H,A,A,07,S,21,C,,,,,C,N,N,A,1,0,0,0,22106.0,2,38.74893096,-121.22647734,4
2020,2020-02-24,1441,2,4,14,1,Y,A,N,A,H,A,A,08,,03,C,,,,,C,Y,N,A,1,0,0,0,22350.0,2,38.76821899414063,-121.32279205322266,4
2020,2020-02-17,1020,2,4,10,1,N,A,N,A,H,A,-,,,03,C,,,,,C,N,N,A,1,0,0,0,22350.0,2,38.75177001953125,-121.35858154296876,4
2020,2020-02-01,1213,2,4,12,6,N,A,N,A,H,A,A,01,N,00,B,,,,,C,N,N,D,1,0,0,0,22107.0,2,38.73052215576172,-121.29048919677734,4
2020,2020-02-02,1630,2,4,16,7,N,A,N,A,H,A,A,07,E,03,G,Y,,,,B,N,N,A,2,2,0,0,22350.0,3,38.7547607421875,-121.2877197265625,3
2020,2020-02-05,148,2,4,1,3,N,A,N,A,H,C,A,01,N,01,E,,,,,I,Y,N,D,1,0,0,0,23152.0,1,38.74849319458008,-121.28353118896484,3
2017,2017-09-12,1635,9,3,16,2,N,C,N,B,H,A,D,22,S,03,C,,,,,C,Y,N,D,1,0,0,0,22350.0,3,39.312376,-120.14313009,4
2017,2017-09-11,2030,9,3,20,1,N,B,Y,A,H,C,A,01,S,08,E,,,,,I,Y,N,D,1,0,0,0,22107.0,1,38.78394617,-121.27867233,4
2017,2017-08-25,2120,8,2,21,5,N,A,Y,A,H,D,D,22,E,01,E,,,,,I,Y,N,D,1,0,0,0,23152.0,1,39.04533348,-120.97376974,3
2017,2017-09-12,1250,9,3,12,2,N,B,Y,C,H,A,G,25,E,03,C,,,,Y,C,Y,N,D,1,0,0,0,22350.0,2,39.30640919,-120.52739153,3
2017,2017-08-31,2050,8,2,20,4,N,A,Y,A,H,C,D,22,N,08,G,Y,,,,B,N,F,D,1,1,0,0,22107.0,2,38.9232963,-121.08350692,2
2017,2017-09-04,1320,9,3,13,1,N,A,Y,A,H,A,C,02,E,03,F,,,Y,,A,Y,N,D,1,0,0,1,22350.0,1,38.87852067,-121.1189767,2
2017,2017-07-06,1439,7,2,14,4,N,A,Y,A,H,A,A,01,N,03,C,,,,,C,Y,N,D,5,0,0,0,22350.0,4,38.99939097,-121.40563375,2
2017,2017-09-15,1507,9,3,15,5,Y,A,N,A,H,A,D,22,,12,D,,,,,C,Y,N,A,1,0,0,0,21453.0,2,38.94189999,-121.10087997,4
2017,2017-09-13,5,9,3,0,3,N,A,Y,A,H,D,G,25,E,07,B,,,,Y,C,Y,M,D,1,0,0,0,21658.0,2,39.1228283,-120.94042031,4
2017,2017-09-11,757,9,3,7,1,N,A,N,A,H,A,D,22,E,09,H,,Y,,,G,N,N,D,1,0,1,0,21801.0,2,38.82537939,-121.15936371,4
2017,2017-09-16,35,9,3,0,6,N,A,N,A,H,D,A,01,W,05,A,,,,,C,Y,N,D,2,0,0,0,21460.0,2,38.82441525,-121.37157261,3
2017,2017-09-07,725,9,3,7,4,N,A,N,A,H,A,D,22,S,08,E,,,,,I,Y,N,D,1,0,0,0,22107.0,1,38.76064333,-121.19192,4
2017,2017-08-25,1500,8,2,15,5,N,A,Y,A,H,A,A,01,W,08,E,,,,,I,Y,N,D,2,0,0,0,22107.0,3,38.81645577,-121.18926808,4
2017,2017-09-13,1240,9,3,12,3,N,A,N,A,H,A,A,01,N,05,A,,,,,C,Y,N,D,2,0,0,0,21460.0,2,38.96385,-121.10407,4
2017,2017-09-19,1427,9,3,14,2,N,A,Y,A,H,A,A,01,E,01,B,,,,,C,Y,N,D,2,0,0,0,23152.0,2,39.30542427,-120.64920069,3
2017,2017-08-19,1525,8,2,15,6,N,A,Y,A,H,A,A,07,E,04,C,,,,,C,N,N,D,2,0,0,0,21703.0,2,38.85647808,-121.14117786,4
2017,2017-09-17,1021,9,3,10,7,N,A,N,A,H,A,D,22,E,03,C,,,,,C,Y,N,D,2,0,0,0,22350.0,3,38.74385872,-121.22254874,4
2017,2017-09-18,1705,9,3,17,1,N,A,N,A,H,A,A,01,E,08,E,,,,,I,Y,N,D,1,0,0,0,22107.0,1,38.72748552,-121.19603156,4
2017,2017-09-15,735,9,3,7,5,N,A,N,A,H,A,A,01,S,01,E,,,,,C,Y,N,D,1,0,0,0,23152.0,1,39.00666104,-121.28394578,4
2017,2017-09-17,1915,9,3,19,7,N,A,Y,A,H,C,D,22,N,01,F,,,,,A,Y,N,D,1,0,0,0,23152.0,1,39.30136764,-120.10893183,4
2017,2017-09-19,2015,9,3,20,2,N,A,N,A,H,D,-,- ,W,18,H,,,Y,,H,Y,N,D,1,0,0,1,,1,38.8726325,-121.1418306,3
2017,2017-09-20,1710,9,3,17,3,N,B,Y,A,H,A,A,07,E,03,C,,,,,C,Y,N,D,1,0,0,0,22350.0,2,38.74615625,-121.26928426,4
2017,2017-09-23,1750,9,3,17,6,N,A,N,A,H,A,-,- ,E,18,E,,,Y,,H,Y,N,D,1,0,0,1,,1,38.83664987,-121.11072202,2
2017,2017-09-15,1535,9,3,15,5,N,A,Y,A,H,A,D,22,W,08,D,,,,Y,C,Y,N,B,1,0,0,0,22107.0,2,38.96734897,-121.0198358,4
2017,2017-09-16,1650,9,3,16,6,N,A,Y,A,H,A,A,01,W,08,E,,,,,A,N,M,D,2,0,0,0,22107.0,3,38.8660387,-121.13280697,4
2017,2017-09-21,1050,9,3,10,4,N,C,Y,B,H,A,A,01,E,08,E,Y,,,,E,Y,N,D,2,2,0,0,22107.0,4,39.29483246,-120.67627945,2
2017,2017-09-24,1450,9,3,14,7,N,A,N,A,H,A,D,23,S,01,E,,,,,I,Y,N,D,1,0,0,0,23152.0,1,39.23886139,-120.01549855,3
2017,2017-09-21,528,9,3,5,4,N,C,Y,B,H,D,G,25,E,03,E,,,,Y,I,Y,N,D,1,0,0,0,22350.0,1,39.24606224,-120.7442268,4
2017,2017-09-23,330,9,3,3,6,N,A,N,A,H,C,A,01,W,01,E,,,,,I,Y,M,D,1,0,0,0,23152.0,1,,,3
2017,2017-09-22,1845,9,3,18,5,N,B,Y,A,H,B,A,01,W,03,C,,,,,C,Y,N,D,1,0,0,0,22350.0,2,39.20387441,-120.79563851,3
2017,2017-09-20,545,9,3,5,3,N,A,Y,A,H,C,A,01,W,08,C,,,,Y,E,Y,N,D,1,0,0,0,22107.0,2,38.92243556,-121.05782811,3
2017,2017-09-25,2345,9,3,23,1,N,A,Y,A,H,D,A,01,W,08,E,,,,,I,Y,N,D,3,0,0,0,22107.0,2,38.91057373,-121.06852043,2
2017,2017-09-30,1600,9,3,16,6,N,A,N,A,H,A,A,07,S,03,C,,,,,C,Y,N,A,2,0,0,0,22350.0,2,38.72606414,-121.36459431,4
2017,2017-10-01,1550,10,3,15,7,N,B,Y,A,H,A,D,22,E,07,C,,,Y,,C,N,F,D,1,0,0,1,21658.0,2,38.97206464,-121.01587675,4
2017,2017-06-25,1840,6,2,18,7,N,A,N,A,A,A,A,07,S,08,F,,,,,I,Y,N,D,2,0,0,0,22107.0,1,39.04710664,-120.92975914,1
2017,2017-09-29,450,9,3,4,5,N,A,Y,A,H,C,A,01,S,07,C,,,,,C,Y,N,D,1,0,0,0,21658.0,2,,,3
2017,2017-10-01,140,10,3,1,7,N,A,Y,A,H,D,A,07,N,08,E,,,,,I,Y,N,D,1,0,0,0,22107.0,1,,,3
2017,2017-10-02,1445,10,3,14,1,N,A,N,A,H,A,A,01,W,03,C,,,,,C,Y,N,A,2,0,0,0,22350.0,2,38.83903072,-121.31625473,4
2017,2017-09-28,1545,9,3,15,4,N,A,N,A,H,A,A,01,E,09,D,,,,,C,Y,N,D,2,0,0,0,21804.0,2,38.94243,-121.09286591,4
2017,2017-09-29,1245,9,3,12,5,Y,A,N,A,H,A,A,01,,09,A,,,,,C,N,N,D,1,0,0,0,21801.0,2,38.72126994,-121.21011994,4
2017,2017-10-02,1720,10,3,17,1,N,A,N,A,H,A,A,08,S,08,E,,,,,I,Y,N,D,2,0,0,0,22107.0,1,39.00944197,-121.2602039,3
2017,2017-10-04,1720,10,3,17,3,N,A,Y,A,H,A,A,01,W,03,C,,,,,C,Y,N,D,1,0,0,0,22350.0,2,38.72886735,-121.28606221,4
2017,2017-10-04,710,10,3,7,3,N,A,N,A,H,A,D,22,E,09,D,,,,,C,Y,N,D,1,0,0,0,21804.0,2,38.85412,-121.19368415,4
2017,2017-10-02,1315,10,3,13,1,N,A,Y,A,H,A,A,07,S,03,C,,,,,C,N,N,A,1,0,0,0,22350.0,3,38.92559839,-121.08516686,4
2017,2017-10-04,935,10,3,9,3,N,A,N,A,H,A,A,07,S,03,C,,,,,C,Y,N,D,2,0,0,0,22350.0,2,38.8654551,-121.22751896,4
2017,2017-10-02,805,10,3,8,1,Y,A,Y,A,H,A,A,01,,09,D,,,,,C,Y,N,A,1,0,0,0,21802.0,2,38.97818621,-121.10832252,4
2017,2017-10-04,735,10,3,7,3,N,A,Y,A,H,A,A,07,W,03,C,,,,,C,Y,N,A,1,0,0,0,22350.0,2,38.7240633,-121.29095671,4
2017,2017-10-09,1025,10,3,10,1,N,A,Y,A,H,A,A,01,N,08,E,,,,,I,Y,N,D,1,0,0,0,22107.0,1,39.21318431,-120.20069409,3
2017,2017-09-30,1210,9,3,12,6,N,A,Y,A,H,A,C,02,W,08,C,,,Y,,C,Y,N,D,2,0,0,2,22107.0,2,39.16200338,-120.87539492,3
2017,2017-09-29,1355,9,3,13,5,N,A,Y,A,D,A,G,25,E,07,B,,,Y,Y,C,Y,F,D,2,0,0,2,21658.0,2,39.12532833,-120.93890856,3
2017,2017-10-05,805,10,3,8,4,N,A,Y,A,H,A,A,01,W,03,C,,,,,C,Y,N,D,1,0,0,0,22350.0,2,,,4
2017,2017-10-05,1540,10,3,15,4,N,A,Y,A,H,A,A,01,W,03,C,,,,,C,Y,N,D,1,0,0,0,22350.0,2,38.76863304,-121.25092061,4
2017,2017-10-05,1645,10,3,16,4,N,A,Y,A,H,A,A,01,E,03,C,,,,,C,Y,N,D,2,0,0,0,22350.0,3,38.72971882,-121.284806,4
2017,2017-10-02,807,10,3,8,1,Y,A,N,A,H,A,A,07,,12,A,,,,,C,Y,N,A,1,0,0,0,21453.0,2,38.94238991,-121.09431988,4
2017,2017-06-16,1520,6,2,15,5,N,A,N,A,H,A,D,22,S,01,A,,,Y,,C,Y,N,D,0,0,0,0,23152.0,2,38.83984189,-121.11671633,1
2017,2017-09-28,1903,9,3,19,4,N,A,N,A,H,A,A,01,W,01,E,,,,,I,Y,N,D,1,0,0,0,23152.0,1,38.83960541,-121.14025368,4
2017,2017-10-05,1610,10,3,16,4,N,A,Y,A,H,A,A,01,E,04,C,,,,,C,Y,N,D,1,0,0,0,21703.0,2,38.75989145,-121.2603373,4
2017,2017-09-22,1445,9,3,14,5,N,A,Y,A,H,A,A,01,N,08,D,,,,,C,Y,N,D,1,0,0,0,22107.0,2,38.98221045,-121.38410215,4
2017,2017-10-06,1240,10,3,12,5,N,A,Y,A,H,A,D,22,W,08,E,,,,,I,Y,N,D,1,0,0,0,22107.0,1,39.25502108,-120.73650885,2
2017,2017-10-05,900,10,3,9,4,Y,A,N,A,H,A,D,22,,09,A,,,,,C,Y,N,D,1,0,0,0,21801.0,2,38.74383997,-121.18489994,4
2017,2017-10-06,940,10,3,9,5,N,A,Y,A,H,A,A,07,W,03,C,,,,,C,Y,N,D,1,0,0,0,22350.0,2,39.04238,-120.97421,3
2017,2017-10-07,1450,10,3,14,6,N,A,Y,A,H,A,A,01,E,03,C,,,,,C,Y,N,D,2,0,0,0,22350.0,2,38.77343115,-121.24321943,3
2017,2017-10-07,2135,10,3,21,6,N,A,Y,A,H,C,A,01,N,01,C,,,,,C,Y,N,A,1,0,0,0,23152.0,2,38.94232528,-121.09718028,3
2017,2017-10-11,1445,10,3,14,3,N,A,Y,A,H,A,D,22,E,03,C,,,,,C,N,N,D,1,0,0,0,22350.0,2,38.76582145,-121.25507418,4
2017,2017-10-06,1128,10,3,11,5,N,A,Y,A,H,A,D,22,W,08,E,,,,,I,Y,N,D,1,0,0,0,22107.0,1,38.79975306,-121.20940135,4
2017,2017-09-22,2018,9,3,20,5,N,A,Y,A,H,D,A,01,W,01,D,,,,,C,Y,M,D,1,0,0,0,23152.0,2,38.79542638,-121.21428308,4
2017,2017-08-16,1712,8,2,17,3,N,A,N,A,H,A,A,01,S,05,A,,,,,C,Y,N,D,2,0,0,0,21460.0,2,38.75616153,-121.16479645,1
2017,2017-10-05,1440,10,3,14,4,N,A,N,A,H,A,C,02,N,08,F,,,Y,,A,Y,N,D,1,0,0,1,22107.0,1,,,2
2017,2017-10-04,1610,10,3,16,3,N,A,Y,A,H,A,A,01,N,07,E,,,,,I,Y,F,D,1,0,0,0,21658.0,2,,,4
2017,2017-10-10,1530,10,3,15,2,N,B,Y,A,H,A,A,01,E,08,E,,,,,I,Y,N,D,1,0,0,0,22107.0,1,38.85974686,-121.13750631,4
2017,2017-10-12,1605,10,3,16,4,N,A,Y,A,H,A,D,22,E,03,C,,,,,C,Y,N,A,2,0,0,0,22350.0,2,38.7448,-121.2709,4
2017,2017-10-13,1455,10,3,14,5,N,A,Y,A,H,A,A,01,W,03,C,,,,,C,Y,N,D,1,0,0,0,22350.0,4,38.75815639,-121.26143739,3
2020,2020-04-06,1607,4,1,16,1,Y,B,N,A,H,A,D,22,,12,D,,,,,C,Y,N,A,2,0,0,0,21453.0,2,,,3
2017,2017-10-13,620,10,3,6,5,N,A,N,A,H,D,-,99,E,09,E,,,,,I,Y,F,A,1,0,0,0,21802.0,2,38.9279074,-121.06597282,3
2020,2020-03-28,1019,3,1,10,6,N,A,N,A,H,A,L,04,N,01,D,,Y,,Y,G,N,N,D,1,0,1,0,21200.0,2,38.748149871826165,-121.27780151367188,4
2020,2020-04-01,1400,4,1,14,3,Y,A,N,A,H,A,D,22,,01,D,,,,,C,Y,N,A,2,0,0,0,23152.0,2,38.76794052124024,-121.34188079833984,4
2017,2017-10-12,655,10,3,6,4,N,A,Y,A,H,A,A,07,W,08,E,,,,,I,Y,N,D,1,0,0,0,22107.0,1,39.31302765,-120.64235002,4
2017,2017-10-14,600,10,3,6,6,N,A,N,A,H,D,A,07,N,08,E,,,,,I,Y,N,D,1,0,0,0,22107.0,1,39.02873303,-121.00992697,4
2017,2017-10-12,1510,10,3,15,4,N,A,N,A,H,A,F,26,W,01,F,,,,Y,A,Y,N,D,1,0,0,0,23152.0,1,38.82444594,-121.36595085,3
2017,2017-10-15,1230,10,3,12,7,N,A,N,A,H,A,A,01,W,03,C,,,,,C,N,N,A,1,0,0,0,22350.0,2,38.74410432,-121.19041641,3
2017,2017-10-13,900,10,3,9,5,N,A,Y,A,D,A,A,07,S,08,E,,,,,I,Y,N,A,1,0,0,0,22107.0,1,39.16637667,-120.14667507,2
2020,2020-01-01,1255,1,4,12,3,N,B,N,A,H,A,-,,N,03,C,,,,,C,N,F,A,1,0,0,0,22350.0,2,38.75183868408203,-121.35858154296876,4
2017,2017-10-12,440,10,3,4,4,N,A,Y,A,H,D,-,- ,E,18,E,,,,,J,Y,N,D,1,0,0,0,,1,39.0232706,-120.97847979,3
2017,2017-10-13,1803,10,3,18,5,Y,A,N,A,H,B,A,01,,09,D,,,,,C,Y,N,A,1,0,0,0,21802.0,3,38.81194996,-121.30727985,4
2017,2017-10-06,2050,10,3,20,5,N,A,Y,A,C,D,C,02,W,03,E,,,Y,,J,Y,N,D,1,0,0,1,22350.0,1,38.88403113,-121.10226395,2
2017,2017-10-17,1730,10,3,17,2,N,B,Y,A,H,A,A,08,E,03,C,,,,,C,Y,N,D,3,0,0,0,22350.0,3,,,3
2017,2017-10-09,1725,10,3,17,1,N,A,Y,A,H,A,A,01,S,07,B,,,Y,,C,Y,N,D,1,0,0,1,21658.0,2,,,3
2017,2017-10-18,2050,10,3,20,3,Y,A,Y,A,H,C,E,22,,09,D,,,,,C,Y,N,A,2,0,0,0,21453.0,2,38.95665998,-121.10135988,3
2017,2017-10-18,2051,10,3,20,3,N,A,Y,A,H,C,A,01,S,03,C,,,,,C,Y,N,A,2,0,0,0,22350.0,2,38.95660935,-121.10131693,3
2017,2017-10-13,740,10,3,7,5,N,A,N,A,H,A,D,22,S,08,E,,,,,I,Y,N,D,1,0,0,0,22107.0,1,39.13899,-120.91962,3
2017,2017-10-04,2010,10,3,20,3,N,A,Y,A,H,C,A,07,W,08,E,,,,,I,Y,N,D,1,0,0,0,22107.0,1,38.81636369,-121.18963765,3
2017,2017-10-20,1620,10,3,16,5,N,A,Y,A,H,A,A,01,S,03,C,,,,,C,Y,N,D,1,0,0,0,22350.0,2,38.77531572,-121.26133392,3
2017,2017-10-20,1905,10,3,19,5,N,B,N,A,H,D,A,01,N,03,C,,,,,C,N,F,D,1,0,0,0,22350.0,2,38.73102904,-121.18886657,4
2017,2017-10-20,2110,10,3,21,5,N,A,N,A,H,D,D,22,N,05,B,,,,,C,Y,N,D,1,0,0,0,21650.0,2,38.82532841,-121.34927809,4
2017,2017-10-22,945,10,3,9,7,N,A,N,A,H,A,A,01,N,03,C,,,,,C,Y,N,A,3,0,0,0,22350.0,2,38.7404573,-121.36467131,4
2017,2017-10-22,1135,10,3,11,7,N,A,Y,A,H,A,A,07,S,03,C,,,,,C,Y,N,D,2,0,0,0,22350.0,2,38.78488374,-121.28099789,2
2020,2020-04-14,1030,4,1,10,2,N,A,N,A,H,A,D,22,N,03,C,,,,,C,N,N,A,1,0,0,0,22350.0,2,38.775482177734375,-121.38533782958984,4
2017,2017-10-20,1550,10,3,15,5,N,C,Y,B,H,A,D,22,E,03,A,,,,,C,Y,N,D,1,0,0,0,22350.0,2,39.22340524,-120.76817321,3
2017,2017-10-12,1645,10,3,16,4,N,A,Y,A,H,A,A,01,S,03,C,,,,,C,Y,N,D,2,0,0,0,22350.0,2,38.77453595,-121.25943324,3
2017,2017-10-19,940,10,3,9,4,N,A,Y,A,H,A,-,- ,W,18,E,,,,,I,Y,N,A,2,0,0,0,,1,38.92035798,-121.08250382,3
2017,2017-10-14,1459,10,3,14,6,N,A,Y,A,H,A,-,- ,W,18,C,,,,Y,C,Y,N,D,2,0,0,0,,2,38.80990524,-121.19705439,3
2017,2017-10-26,1410,10,3,14,4,N,A,Y,A,H,A,D,22,E,04,C,,,,,C,Y,N,D,1,0,0,0,21703.0,2,38.77777837,-121.23624871,4
2017,2017-10-26,1305,10,3,13,4,Y,A,N,A,H,A,D,22,,09,D,,,,,C,Y,N,A,1,0,0,0,21802.0,2,38.92026997,-121.1132899,4
2017,2017-10-21,2327,10,3,23,6,N,A,Y,A,H,C,A,01,E,07,B,,,,,C,Y,N,D,1,0,0,0,21658.0,2,38.73064332,-121.28376973,4
2017,2017-10-24,740,10,3,7,2,N,A,Y,A,H,A,C,02,S,03,C,,,Y,,C,Y,N,D,1,0,0,1,22350.0,2,38.78534096,-121.28191451,4
2017,2017-10-20,1548,10,3,15,5,N,C,Y,C,H,A,A,07,E,03,F,,,,,I,Y,N,D,1,0,0,0,22350.0,1,39.22130455,-120.77057348,4
2017,2017-10-20,1549,10,3,15,5,N,B,Y,C,H,A,A,07,E,03,C,,,,,C,Y,N,D,4,0,0,0,22350.0,3,39.22130455,-120.77057348,3
2017,2017-10-24,1445,10,3,14,2,N,A,Y,A,H,A,A,07,E,03,C,Y,,,,C,Y,N,D,4,2,0,0,22350.0,6,38.75199049,-121.26548789,3
2017,2017-10-28,5,10,3,0,6,N,A,Y,A,H,D,A,01,E,08,B,,,,,I,Y,N,D,1,0,0,0,22107.0,1,39.08053928,-120.95874897,2
2017,2017-10-24,1720,10,3,17,2,N,A,Y,A,H,A,A,01,E,03,C,,,,,C,Y,N,D,1,0,0,0,22350.0,3,,,4
2017,2017-10-26,1700,10,3,17,4,N,A,Y,A,H,A,A,01,N,03,C,,,,,D,Y,N,D,1,0,0,0,22350.0,2,38.79278487,-121.2949822,4
2017,2017-10-26,1900,10,3,19,4,N,A,Y,A,H,C,D,22,N,03,C,,,,,C,N,N,D,1,0,0,0,22350.0,3,,,4
2017,2017-09-17,1330,9,3,13,7,N,A,N,A,H,A,C,02,S,03,E,,,Y,,I,N,N,D,1,0,0,1,22350.0,1,,,4
2017,2017-10-01,1110,10,3,11,7,N,A,Y,A,H,A,C,02,W,08,F,,,Y,,I,N,N,A,1,0,0,1,22107.0,1,38.89965988,-121.07555373,3
2017,2017-10-20,735,10,3,7,5,N,B,Y,C,H,A,A,07,N,03,E,,,,,I,Y,N,D,1,0,0,0,22350.0,1,39.07464506,-120.14638646,4
2017,2017-10-26,38,10,3,0,4,Y,A,N,A,H,C,A,01,,01,E,,,,,I,Y,N,D,1,0,0,0,23152.0,1,38.92789995,-121.06617986,3
2017,2017-11-03,735,11,3,7,5,N,B,Y,B,H,B,A,07,W,03,A,,,,,I,Y,N,D,1,0,0,0,22350.0,1,39.09398,-120.94992,4
2017,2017-10-27,1715,10,3,17,5,N,A,Y,A,H,A,A,01,N,03,C,,,,,C,Y,N,D,1,0,0,0,22350.0,2,,,4
2017,2017-10-27,920,10,3,9,5,N,A,Y,A,H,A,A,01,W,08,B,,,,Y,C,N,M,D,1,0,0,0,22107.0,2,38.89927105,-121.07598285,4
2017,2017-10-25,840,10,3,8,3,N,A,N,A,H,A,A,01,S,08,E,,,,,I,Y,N,D,1,0,0,0,22107.0,1,38.83477094,-121.34940976,4
2017,2017-10-26,1615,10,3,16,4,N,A,Y,A,H,A,C,02,W,03,C,,,Y,,C,N,N,D,1,0,0,1,22350.0,2,38.76240762,-121.25896519,4
2017,2017-10-26,1705,10,3,17,4,N,A,Y,A,H,A,D,22,W,03,C,,,,,C,Y,N,D,1,0,0,0,22350.0,2,38.76886869,-121.25054285,4
2017,2017-10-26,1911,10,3,19,4,N,A,Y,A,H,C,C,02,N,03,F,,,Y,,A,N,N,D,1,0,0,1,22350.0,1,38.94902272,-121.09943518,3
2017,2017-10-28,1735,10,3,17,6,N,A,Y,A,H,A,A,07,S,03,C,,,,,C,Y,N,D,1,0,0,0,22350.0,3,38.77365047,-121.25632989,4
2017,2017-09-30,1320,9,3,13,6,Y,A,N,A,H,A,L,04,,05,H,,Y,,,G,N,N,A,1,0,1,0,21650.0,2,38.93496993,-121.09394992,3
2017,2017-11-04,857,11,3,8,6,N,C,Y,B,H,A,A,01,W,03,E,,,,,I,Y,N,D,1,0,0,0,22350.0,1,39.13637296,-120.93006527,4
2017,2017-10-23,230,10,3,2,1,N,A,N,A,H,D,A,01,S,08,E,,,,,I,Y,N,D,0,0,0,0,22107.0,1,38.95675324,-121.03754032,1