ACCIDENT_YEAR,COLLISION_DATE,COLLISION_TIME,MONTH,SEASON,24HOURS,DAY_OF_WEEK,INTERSECTION,WEATHER_1,STATE_HWY_IND,ROAD_SURFACE,ROAD_COND_1,LIGHTING,STWD_VEHTYPE_AT_FAULT,CHP_VEHTYPE_AT_FAULT,DIRECTION,PCF_VIOL_CATEGORY,TYPE_OF_COLLISION,PEDESTRIAN_ACCIDENT,BICYCLE_ACCIDENT,MOTORCYCLE_ACCIDENT,TRUCK_ACCIDENT,MVIW,TOW_AWAY,HIT_AND_RUN,CONTROL_DEVICE,NUMBER_INJURED,COUNT_PED_INJURED,COUNT_BICYCLIST_INJURED,COUNT_MC_INJURED,PCF_VIOLATION,PARTY_COUNT,POINT_Y,POINT_X,COLLISION_SEVERITY
2018,2018-05-10,1245,5,1,12,4,Y,A,Y,A,H,A,A,01,,21,G,Y,,,,B,N,N,A,1,1,0,0,22106.0,2,38.92733001708984,-121.08660888671876,4
2020,2020-03-12,749,3,1,7,4,N,A,N,A,H,A,L,04,S,03,H,,Y,,,G,N,N,D,1,0,1,0,22350.0,2,38.82388687133789,-121.25644683837892,3
2018,2018-05-11,803,5,1,8,5,N,A,Y,A,H,A,A,07,W,01,E,,,,,I,Y,N,D,1,0,0,0,23152.0,1,39.31366729736328,-120.44896697998048,3
2018,2018-05-09,740,5,1,7,3,N,A,Y,A,H,A,A,01,W,03,C,,,,,C,Y,N,A,2,0,0,0,22350.0,3,38.724246978759766,-121.29113006591795,4
2018,2018-05-05,610,5,1,6,6,N,B,N,A,H,A,A,01,N,08,E,,,,,I,Y,N,D,1,0,0,0,22107.0,1,38.881378173828125,-121.13574981689452,3
2018,2018-05-09,1635,5,1,16,3,N,A,Y,A,H,A,C,02,W,07,B,,,Y,,C,Y,N,D,1,0,0,1,21658.0,2,38.76186752319336,-121.25901794433594,3
2018,2018-05-11,500,5,1,5,5,N,A,Y,A,H,C,A,01,E,03,C,,,,,C,Y,N,D,1,0,0,0,22350.0,3,38.8071174621582,-121.20064544677734,4
2018,2018-05-11,505,5,1,5,5,N,A,N,A,H,C,A,01,S,08,A,,,,,C,Y,N,A,1,0,0,0,22107.0,2,38.7286491394043,-121.36463928222656,3
2018,2018-05-16,1250,5,1,12,3,N,B,Y,B,H,A,D,22,S,03,C,,,,,C,N,N,D,3,0,0,0,22350.0,2,38.927051544189446,-121.0863800048828,4
2018,2018-05-10,1508,5,1,15,4,N,A,Y,A,H,A,A,07,W,08,E,,,,,I,Y,N,D,2,0,0,0,22107.0,1,38.93265151977539,-121.05461120605467,3
2018,2018-05-14,800,5,1,8,1,N,A,Y,A,H,A,A,07,E,21,C,,,,Y,C,Y,N,D,2,0,0,0,22106.0,2,39.29550552368164,-120.67519378662108,3
2018,2018-05-16,1710,5,1,17,3,N,B,Y,A,H,A,A,07,W,08,F,,,,,A,Y,N,D,6,0,0,0,22107.0,1,38.99396896362305,-120.99877166748048,3
2020,2020-04-25,1243,4,1,12,6,-,A,N,A,H,A,-,,,21,H,,,,,C,N,N,D,1,0,0,0,22106.0,2,38.78139114379882,-121.2422103881836,4
2020,2020-05-01,1638,5,1,16,5,Y,A,N,A,H,A,C,02,,04,C,,,Y,,C,,N,D,1,0,0,1,21703.0,2,38.75186920166016,-121.31385040283205,3
2018,2018-05-17,845,5,1,8,4,N,A,N,A,H,A,D,22,N,03,C,,,,,C,Y,N,D,1,0,0,0,22350.0,4,38.737571716308594,-121.17057037353516,4
2018,2018-05-17,1400,5,1,14,4,N,A,N,A,H,A,A,07,W,08,E,,,,,I,Y,N,D,1,0,0,0,22107.0,1,38.82442855834961,-121.36965942382812,2
2018,2018-05-18,1130,5,1,11,5,N,A,Y,A,H,A,G,25,W,03,C,,,,Y,C,N,N,D,1,0,0,0,22350.0,2,39.27105712890625,-120.7151107788086,3
2018,2018-05-17,1835,5,1,18,4,N,A,Y,A,H,A,A,07,E,03,C,,,,,C,Y,N,D,2,0,0,0,22350.0,2,39.027435302734375,-120.9770736694336,3
2018,2018-05-18,1322,5,1,13,5,N,A,Y,A,H,A,A,01,S,21,C,,,,,C,Y,N,A,1,0,0,0,22106.0,2,38.94163513183594,-121.09698486328124,4
2018,2018-05-18,1830,5,1,18,5,N,A,Y,A,H,A,A,01,S,07,B,,,,,C,Y,F,D,1,0,0,0,21658.0,2,38.794620513916016,-121.29644012451172,4
2018,2018-05-19,1035,5,1,10,6,N,A,Y,A,H,A,A,07,W,08,E,,,,,I,Y,N,D,1,0,0,0,22107.0,1,39.01410675048828,-120.98956298828124,4
2018,2018-05-19,405,5,1,4,6,N,A,N,A,H,D,A,07,S,08,E,,,,,I,Y,N,D,1,0,0,0,22107.0,1,39.04378128051758,-120.99706268310548,3
2018,2018-05-21,1410,5,1,14,1,N,A,Y,A,H,A,D,22,S,03,C,,,,,C,Y,N,D,1,0,0,0,22350.0,2,,,4
2020,2020-05-04,1301,5,1,13,1,N,A,N,A,H,A,A,01,E,03,C,,,,,C,Y,N,A,3,0,0,0,22350.0,2,38.744136810302734,-121.26457977294922,3
2018,2018-05-19,915,5,1,9,6,N,A,Y,A,H,A,A,01,E,08,B,,,,,C,Y,N,D,1,0,0,0,22107.0,2,39.2166748046875,-120.77521514892578,2
2020,2020-05-04,1119,5,1,11,1,N,A,N,A,H,A,A,07,S,03,C,,,,,C,Y,N,A,1,0,0,0,22350.0,2,38.754486083984375,-121.28790283203124,4
2020,2020-05-11,1212,5,1,12,1,N,B,N,A,H,A,L,04,N,05,D,,Y,,,G,N,N,A,1,0,1,0,21650.0,2,38.773624420166016,-121.3051986694336,3
2020,2020-05-01,1443,5,1,14,5,N,A,N,A,H,A,A,07,W,09,D,,,,,C,Y,N,D,1,0,0,0,21804.0,2,38.743850708007805,-121.2282943725586,4
2018,2018-04-06,2230,4,1,22,5,N,C,N,B,H,D,N,60,N,11,G,Y,,,,B,N,N,D,1,1,0,0,21954.0,2,39.19741821289063,-120.23563385009766,4
2020,2020-04-21,713,4,1,7,2,Y,A,N,A,H,A,A,01,,12,D,,,,,C,Y,N,A,3,0,0,0,21453.0,2,38.74427032470703,-121.25921630859376,3
2020,2020-04-26,831,4,1,8,7,Y,A,N,A,H,A,A,01,,12,D,,,,,C,Y,N,A,1,0,0,0,21453.0,2,38.744338989257805,-121.25302124023438,3
2020,2020-04-22,1252,4,1,12,3,N,A,N,A,H,A,A,01,W,08,E,,,,,I,Y,N,D,1,0,0,0,22107.0,1,38.7930908203125,-121.28163909912108,2
2020,2020-04-30,106,4,1,1,4,Y,A,N,A,A,C,A,01,,03,E,,,,,I,Y,N,A,1,0,0,0,22350.0,1,38.724910736083984,-121.29036712646484,2
2018,2018-05-16,1247,5,1,12,3,N,B,Y,A,H,A,A,01,W,03,C,,,,,C,N,N,D,1,0,0,0,22350.0,2,38.769390106201165,-121.24937438964844,4
2018,2018-05-18,1245,5,1,12,5,N,A,N,A,H,A,A,01,E,08,E,,,,,I,Y,N,D,1,0,0,0,22107.0,1,38.83946990966797,-121.20802307128906,2
2018,2018-05-21,940,5,1,9,1,Y,A,N,A,H,A,A,07,,12,D,,,,,C,Y,N,A,2,0,0,0,21453.0,2,38.74345016479492,-121.1706085205078,3
2018,2018-05-25,1010,5,1,10,5,N,B,N,B,H,A,A,01,W,05,A,,,,,C,Y,N,D,2,0,0,0,21650.0,2,38.8629264831543,-121.18521118164062,4
2018,2018-05-22,831,5,1,8,2,N,A,Y,A,H,A,A,01,W,03,C,,,,,C,Y,N,A,1,0,0,0,22350.0,4,38.72508239746094,-121.29019927978516,4
2018,2018-05-22,1845,5,1,18,2,Y,A,N,A,H,A,A,01,,09,D,,,,,C,Y,N,A,2,0,0,0,21802.0,2,38.84267807006836,-121.11640167236328,4
2018,2018-05-22,1800,5,1,18,2,Y,A,N,A,H,A,C,02,,05,B,,,Y,,C,Y,N,D,1,0,0,1,21460.0,2,38.865821838378906,-121.15181732177734,3
2018,2018-05-27,1245,5,1,12,7,N,A,N,A,H,A,A,01,S,03,C,,,,,C,N,N,A,1,0,0,0,22350.0,2,38.72798538208008,-121.3646240234375,4
2018,2018-05-27,1415,5,1,14,7,N,A,N,A,H,A,-,- ,S,18,H,,,Y,,H,Y,N,D,1,0,0,1,,1,38.9620246887207,-120.95599365234376,2
2018,2018-05-30,1525,5,1,15,3,N,B,Y,A,H,A,C,02,S,08,F,,,Y,,A,Y,N,D,1,0,0,1,22107.0,1,38.864200592041016,-121.29969787597656,2
2018,2018-05-19,1345,5,1,13,6,N,A,N,A,H,A,C,02,S,08,E,,,Y,,I,Y,N,D,0,0,0,0,22107.0,1,38.9306869506836,-121.01164245605467,1
2018,2018-05-27,2105,5,1,21,7,N,A,N,A,H,D,C,02,W,08,F,,,Y,,A,Y,N,D,1,0,0,1,22107.0,1,39.019290924072266,-120.82604217529295,3
2018,2018-05-26,1540,5,1,15,6,N,A,Y,A,H,A,A,01,N,08,E,,,,,I,Y,N,D,3,0,0,0,22107.0,1,39.14664459228516,-120.1496124267578,3
2018,2018-05-30,1610,5,1,16,3,N,A,Y,A,H,A,A,01,W,03,C,,,,,C,Y,N,A,1,0,0,0,22350.0,2,39.23990249633789,-120.05039978027344,3
2020,2020-05-26,1445,5,1,14,2,N,A,N,A,H,A,A,01,S,08,B,,,Y,,C,N,N,D,1,0,0,1,22107.0,2,38.799095153808594,-121.20553588867188,2
2018,2018-05-25,1202,5,1,12,5,N,B,Y,A,H,A,A,08,W,21,C,,,,,C,N,N,A,1,0,0,0,22106.0,2,38.9566535949707,-121.10150909423828,4
2018,2018-05-25,1330,5,1,13,5,N,B,N,A,H,A,A,08,N,08,E,,,,,I,Y,N,D,1,0,0,0,22107.0,1,39.01359176635742,-121.00064086914062,4
2018,2018-05-25,2005,5,1,20,5,N,B,N,A,H,B,A,07,W,01,E,,,,,I,Y,N,D,1,0,0,0,23152.0,1,39.07144546508789,-120.9749755859375,3
2018,2018-05-25,1210,5,1,12,5,N,B,N,B,H,A,A,01,W,08,E,,,,,I,Y,N,D,1,0,0,0,22107.0,1,39.098945617675774,-120.96137237548828,4
2018,2018-06-04,1620,6,2,16,1,N,A,Y,A,H,A,D,22,W,03,E,,,,,I,Y,N,D,1,0,0,0,22350.0,1,39.11787796020508,-120.94967651367188,3
2020,2020-03-04,2500,3,1,25,3,Y,A,N,A,H,A,C,02,,12,A,,,Y,,C,,N,A,1,0,0,1,21453.0,2,38.729339599609375,-121.29210662841795,2
2018,2018-05-23,1922,5,1,19,3,N,A,Y,A,H,A,A,07,W,08,E,,,,,I,Y,N,D,1,0,0,0,22107.0,1,39.313789367675774,-120.62640380859376,2
2018,2018-06-01,922,6,2,9,5,N,A,Y,A,H,A,-,- ,E,18,E,,,,,I,Y,N,D,1,0,0,0,,1,39.22686767578125,-120.08094024658205,3
2018,2018-05-31,1700,5,1,17,4,N,A,Y,A,H,A,D,22,N,08,E,,,,,J,Y,N,D,1,0,0,0,22107.0,1,,,4
2018,2018-06-01,2050,6,2,20,5,N,A,Y,A,H,C,L,04,E,08,D,,Y,,,G,N,N,D,1,0,1,0,22107.0,3,,,4
2018,2018-06-01,1640,6,2,16,5,N,A,Y,A,H,A,A,01,E,03,C,,,,,C,Y,N,D,2,0,0,0,22350.0,2,38.84716796875,-121.15251922607422,4
2018,2018-06-01,20,6,2,0,5,N,A,N,A,H,C,A,01,N,01,E,,,,,I,Y,N,D,1,0,0,0,23152.0,1,38.74934768676758,-121.3588638305664,2
2018,2018-06-02,258,6,2,2,6,N,A,Y,A,H,D,A,01,S,01,C,,,,,D,Y,N,D,3,0,0,0,23152.0,2,38.79293441772461,-121.29480743408205,2
2018,2018-06-01,1235,6,2,12,5,N,A,N,A,H,A,C,02,N,03,A,,,Y,,C,Y,N,A,1,0,0,1,22350.0,2,38.741844177246094,-121.17062377929688,4
2020,2020-03-17,1355,3,1,13,2,N,B,N,A,H,A,A,01,W,03,C,,,,,C,Y,N,A,1,0,0,0,22350.0,3,38.74826049804688,-121.25333404541016,4
2020,2020-03-05,1503,3,1,15,4,N,B,N,A,H,A,A,01,N,08,B,,,,,E,Y,N,D,2,0,0,0,22107.0,2,38.7231330871582,-121.25438690185548,3
2020,2020-03-09,1455,3,1,14,1,N,B,N,A,H,A,H,13,S,03,C,,,,,C,N,N,A,1,0,0,0,22350.0,2,38.755218505859375,-121.2673797607422,3
2018,2018-06-14,1625,6,2,16,4,N,A,Y,A,H,A,A,01,E,08,H,,,,,A,Y,N,D,1,0,0,0,22107.0,1,39.313282012939446,-120.48137664794922,3
2018,2018-06-07,1032,6,2,10,4,N,A,N,A,H,A,A,01,S,08,E,,,,,I,Y,N,D,1,0,0,0,22107.0,1,38.709819793701165,-121.38811492919922,3
2018,2018-05-26,1700,5,1,17,6,N,A,Y,A,H,A,A,01,E,03,C,,,,,C,Y,N,D,1,0,0,0,22350.0,2,38.847412109375,-121.15247344970705,3
2018,2018-05-19,1800,5,1,18,6,Y,A,N,A,H,A,D,22,,03,C,,,,,C,Y,N,D,1,0,0,0,22350.0,2,38.83995819091797,-121.11666870117188,3
2018,2018-06-08,1310,6,2,13,5,N,A,N,A,H,A,C,02,S,08,E,,,Y,,I,Y,N,D,1,0,0,1,22107.0,1,38.727195739746094,-121.17522430419922,2
2018,2018-06-11,2005,6,2,20,1,N,A,N,A,H,A,D,22,N,01,E,,,,,I,Y,N,D,1,0,0,0,23152.0,1,39.120975494384766,-120.95244598388672,2
2018,2018-06-17,1120,6,2,11,7,N,A,Y,A,H,A,A,07,W,03,C,,,,,C,Y,N,D,1,0,0,0,22350.0,2,39.129409790039055,-120.93698120117188,4
2018,2018-06-11,2020,6,2,20,1,N,A,N,A,H,A,A,01,W,08,F,,,,,A,Y,N,D,1,0,0,0,22107.0,1,38.92324066162109,-121.05596923828124,3
2018,2018-06-12,1440,6,2,14,2,N,A,Y,A,H,A,A,07,S,04,C,,,,,C,N,N,A,1,0,0,0,21703.0,2,38.95682907104492,-121.1013641357422,4
2018,2018-06-14,920,6,2,9,4,N,A,N,A,H,A,A,01,E,08,E,,,,,I,Y,N,D,1,0,0,0,22107.0,1,38.912303924560554,-121.21177673339844,3
2018,2018-05-27,2128,5,1,21,7,N,A,Y,A,H,C,D,22,W,01,B,,,,Y,C,Y,N,D,3,0,0,0,23152.0,3,39.024948120117195,-120.97777557373048,4
2018,2018-06-02,1850,6,2,18,6,N,A,Y,A,H,A,G,26,W,08,E,,,,Y,I,Y,N,D,2,0,0,0,22107.0,1,38.86687850952149,-121.13269805908205,2
2018,2018-05-26,1747,5,1,17,6,N,A,Y,A,H,A,A,01,W,08,E,,,,,I,Y,N,D,1,0,0,0,22107.0,1,38.86355209350586,-121.13369750976562,4
2018,2018-05-27,1745,5,1,17,7,N,A,Y,A,H,A,A,07,N,06,B,,,,,C,Y,N,D,2,0,0,0,21755.0,2,38.93649673461913,-121.36834716796876,3
2018,2018-06-15,1053,6,2,10,5,N,A,N,A,H,A,A,01,W,03,C,,,,,C,Y,N,A,1,0,0,0,22350.0,2,38.75157928466797,-121.46982574462892,3
2018,2018-06-15,1510,6,2,15,5,N,A,N,A,H,A,D,22,E,08,E,,,,,I,Y,N,D,1,0,0,0,22107.0,1,39.00049209594727,-120.9140625,3
2018,2018-06-15,1540,6,2,15,5,N,A,N,A,H,A,A,07,W,03,C,,,,,C,Y,N,D,2,0,0,0,22350.0,2,38.74352264404297,-121.1757354736328,4
2018,2018-06-15,2310,6,2,23,5,N,A,Y,A,H,D,A,01,E,08,B,,,,,C,Y,N,D,1,0,0,0,22107.0,2,38.774147033691406,-121.24177551269533,4
2018,2018-06-16,1640,6,2,16,6,Y,A,N,A,H,A,A,01,,09,A,,,Y,,C,Y,N,D,1,0,0,1,21801.0,2,38.89054870605469,-121.09664154052734,4
2020,2020-03-11,1428,3,1,14,3,N,A,N,A,H,A,A,01,W,09,D,,,,,C,Y,N,D,1,0,0,0,21801.0,2,38.77135467529297,-121.26293182373048,4
2020,2020-03-07,1825,3,1,18,6,N,C,N,B,H,B,A,01,N,03,C,,,,,C,Y,N,A,1,0,0,0,22350.0,2,38.752456665039055,-121.35855102539062,4
2020,2020-03-04,1721,3,1,17,3,Y,A,N,A,H,A,A,08,,03,A,,,,,I,N,N,A,2,0,0,0,22350.0,1,38.7227897644043,-121.29042816162108,2
2020,2020-03-12,1059,3,1,10,4,Y,A,N,A,H,A,A,07,,12,D,,,,,C,Y,N,A,1,0,0,0,21453.0,2,38.745521,-121.25679,3
2020,2020-03-05,1211,3,1,12,4,N,A,N,A,H,A,A,01,E,03,C,,,,,C,N,N,A,1,0,0,0,22350.0,2,38.76628875732422,-121.35854339599608,4
2020,2020-03-15,2143,3,1,21,7,Y,C,N,B,H,C,A,01,,01,E,,,,,I,Y,N,A,1,0,0,0,23152.0,1,38.744049072265625,-121.2359619140625,3
2018,2018-06-15,1732,6,2,17,5,N,A,N,A,H,A,A,07,W,21,F,,,,,A,Y,N,D,1,0,0,0,38312.0,1,39.04026412963867,-120.9028778076172,3
2018,2018-06-18,1010,6,2,10,1,N,A,N,A,H,A,A,01,N,05,B,,,,,C,Y,N,D,2,0,0,0,21650.0,2,38.99894332885742,-120.92131042480467,3
2018,2018-05-29,1645,5,1,16,2,N,A,N,A,H,A,A,01,N,03,C,,,,,C,Y,N,A,1,0,0,0,22350.0,3,38.81973648071289,-121.30722045898438,4
2018,2018-06-20,1215,6,2,12,3,N,A,Y,A,H,A,A,01,E,08,E,,,,,I,Y,N,D,1,0,0,0,22107.0,1,39.3045310974121,-120.65020751953124,2
2018,2018-05-27,1510,5,1,15,7,Y,A,N,A,H,A,A,01,,09,D,,,,,C,Y,N,D,2,0,0,0,21801.0,2,39.00149917602539,-120.89055633544922,2
2018,2018-05-29,610,5,1,6,2,N,A,Y,A,H,A,A,01,W,07,C,,,,,C,Y,N,D,2,0,0,0,21658.0,2,38.86548614501953,-121.1329345703125,4
2018,2018-06-19,1020,6,2,10,2,N,A,Y,A,H,A,-,- ,W,18,B,,,,,C,Y,N,D,1,0,0,0,,2,38.8595085144043,-121.13754272460938,4
2018,2018-06-18,535,6,2,5,1,N,A,N,A,H,A,A,07,W,05,A,,,,,C,N,N,D,1,0,0,0,21650.0,2,38.82437133789063,-121.39225006103516,3
2018,2018-05-30,1620,5,1,16,3,N,A,N,A,H,A,A,07,S,03,C,,,,,C,Y,N,D,1,0,0,0,22350.0,4,38.735816955566406,-121.17053985595705,4
2018,2018-05-29,1330,5,1,13,2,N,A,N,A,H,A,A,01,N,12,G,Y,,,,B,N,F,A,1,1,0,0,22450.0,2,38.944290161132805,-121.09942626953124,4
2020,2020-01-26,2258,1,4,22,7,Y,A,N,A,A,D,A,01,,03,F,,,,,I,Y,N,D,1,0,0,0,22350.0,2,38.74208831787109,-121.2387466430664,4
2018,2018-06-21,1630,6,2,16,4,N,A,Y,A,H,A,A,01,E,03,C,,,,,C,Y,N,D,1,0,0,0,22350.0,4,38.762252807617195,-121.25906372070312,4
2018,2018-06-27,102,6,2,1,3,N,A,Y,A,D,D,A,01,W,03,E,,,,,I,Y,N,A,2,0,0,0,22350.0,1,39.138702392578125,-120.92125701904295,3
2018,2018-05-29,1530,5,1,15,2,N,A,Y,A,B,A,F,25,W,03,C,,,,Y,C,N,N,D,1,0,0,0,22350.0,2,38.87050628662109,-121.13207244873048,4
2018,2018-05-30,720,5,1,7,3,N,A,Y,A,H,A,D,22,W,03,C,,,,,C,N,N,D,1,0,0,0,22350.0,4,,,4
2018,2018-05-30,1535,5,1,15,3,Y,A,Y,A,H,A,A,01,,09,A,,,,,C,Y,N,A,3,0,0,0,21801.0,2,38.953033447265625,-121.1006088256836,4
2018,2018-05-30,1800,5,1,18,3,N,A,Y,A,H,A,A,01,W,07,C,,,,,C,Y,N,D,2,0,0,0,21658.0,2,38.75404739379882,-121.2641830444336,4
2018,2018-06-05,1750,6,2,17,2,N,A,Y,A,H,A,A,01,S,03,C,,,,,C,Y,N,A,1,0,0,0,22350.0,2,38.79365921020508,-121.29624938964844,3
2018,2018-06-05,1545,6,2,15,2,Y,A,N,A,H,A,A,07,,10,G,Y,,,,B,N,F,A,1,1,0,0,21950.0,2,38.94239044189453,-121.09432220458984,4
2018,2018-06-09,1325,6,2,13,6,N,A,Y,A,H,A,A,01,W,03,C,,,,,C,Y,N,B,1,0,0,0,22350.0,2,38.762561798095696,-121.25853729248048,3
2018,2018-05-03,1356,5,1,13,4,N,A,N,A,H,A,A,01,W,08,E,,,,,I,Y,N,D,0,0,0,0,22107.0,1,39.06718444824219,-120.74818420410156,1
2018,2018-06-25,830,6,2,8,1,N,A,Y,A,H,A,-,- ,E,18,H,,,,Y,C,Y,N,D,1,0,0,0,,2,39.30706405639648,-120.64582061767578,3
2018,2018-06-23,1322,6,2,13,6,N,A,Y,A,H,A,A,07,E,07,B,,,,,C,Y,N,D,2,0,0,0,21658.0,2,38.7702751159668,-121.24795532226562,4
2018,2018-06-23,2110,6,2,21,6,N,A,N,A,H,D,A,01,N,01,E,,,,,I,Y,N,D,1,0,0,0,23152.0,1,38.76387786865234,-121.46980285644533,3
2018,2018-06-27,1650,6,2,16,3,N,A,Y,A,H,A,D,22,E,21,C,,,,,C,N,N,A,1,0,0,0,22106.0,2,38.927349090576165,-121.08660125732422,4
2018,2018-06-23,1020,6,2,10,6,Y,A,Y,A,H,A,A,01,,09,D,,,,,C,Y,N,A,1,0,0,0,21802.0,2,39.1911735534668,-120.10609436035156,4
2018,2018-06-23,825,6,2,8,6,N,A,Y,A,D,A,A,01,S,03,B,,,,,C,Y,N,D,3,0,0,0,22350.0,2,38.77559661865234,-121.26244354248048,3
2018,2018-06-26,1234,6,2,12,2,N,A,Y,A,H,A,A,07,S,03,C,,,,,C,Y,N,A,1,0,0,0,22350.0,2,38.93218612670898,-121.09062957763672,3
2018,2018-05-23,1714,5,1,17,3,N,A,Y,A,H,A,A,07,E,08,E,,,,,I,Y,N,D,0,0,0,0,22107.0,1,38.775047302246094,-121.24034881591795,1
2018,2018-06-22,1251,6,2,12,5,N,A,N,A,H,A,A,01,S,08,B,,,,,C,Y,N,D,1,0,0,0,22100.0,2,38.87223052978516,-121.13050079345705,3
2018,2018-06-23,2323,6,2,23,6,N,A,Y,A,H,C,A,07,E,01,E,,,,,I,Y,N,D,1,0,0,0,23152.0,1,,,4
2018,2018-06-24,1010,6,2,10,7,N,A,Y,A,H,A,C,02,N,07,B,,,Y,,C,Y,N,D,1,0,0,1,21658.0,2,38.76945114135742,-121.25115203857422,3
2018,2018-06-27,1252,6,2,12,3,N,A,Y,A,H,A,D,22,N,03,C,,,,,C,Y,N,A,4,0,0,0,22350.0,3,38.94807052612305,-121.0990753173828,2
2018,2018-07-02,2324,7,2,23,1,Y,A,Y,A,H,C,A,01,,01,E,,,,,I,Y,M,D,1,0,0,0,23152.0,1,39.032276153564446,-120.97606658935548,3
2018,2018-06-28,1605,6,2,16,4,N,A,Y,A,H,A,N,60,W,11,G,Y,,,,B,N,N,A,1,1,0,0,21950.0,2,38.93497085571289,-121.09312438964844,2
2018,2018-06-28,1420,6,2,14,4,N,A,Y,A,H,A,A,07,W,03,C,,,,,C,Y,N,D,1,0,0,0,22350.0,2,38.753684997558594,-121.26441955566406,3
2018,2018-06-25,1021,6,2,10,1,N,A,Y,A,H,A,A,01,E,03,C,,,,,C,Y,N,D,2,0,0,0,22350.0,3,39.112171173095696,-120.94509887695312,3
2018,2018-06-27,445,6,2,4,3,N,A,N,A,H,B,-,- ,E,18,H,,,Y,,H,Y,N,D,1,0,0,1,,1,38.926719665527344,-121.22645568847656,4
2018,2018-06-29,1010,6,2,10,5,N,A,Y,A,D,A,D,22,S,03,C,,,,,C,Y,N,D,1,0,0,0,22350.0,4,38.77532196044922,-121.26187896728516,4
2018,2018-06-29,1520,6,2,15,5,N,A,Y,A,H,A,A,01,W,03,C,,,,,C,Y,N,D,1,0,0,0,22350.0,2,38.765472412109375,-121.2556610107422,4
2018,2018-06-29,1630,6,2,16,5,N,A,Y,A,H,A,A,01,N,03,C,,,,,C,N,N,D,1,0,0,0,22350.0,2,38.98054122924805,-121.3832550048828,4
2018,2018-06-30,1715,6,2,17,6,N,A,Y,A,H,A,-,- ,W,18,E,,,,,I,Y,N,D,1,0,0,0,,1,38.74384307861328,-121.18495941162108,4
2018,2018-07-03,1305,7,2,13,2,Y,A,N,A,H,A,E,22,,09,A,,,,,C,Y,N,D,1,0,0,0,21801.0,2,39.07832,-120.95912,3
2018,2018-07-01,2130,7,2,21,7,N,A,Y,A,H,D,D,22,W,01,E,,,,,I,Y,N,D,1,0,0,0,23152.0,1,39.09297561645508,-120.95030212402344,4
2018,2018-06-28,855,6,2,8,4,N,A,Y,A,H,A,A,07,S,03,C,,,,,C,Y,N,D,3,0,0,0,22350.0,2,39.14731216430664,-120.14764404296876,3
2018,2018-06-26,800,6,2,8,2,N,A,Y,A,H,A,C,02,E,03,F,,,Y,,A,N,N,D,1,0,0,1,22350.0,1,39.23577117919922,-120.02169036865234,3
2018,2018-06-15,2220,6,2,22,5,Y,A,Y,A,H,C,N,60,,11,G,Y,,,,B,N,N,D,1,1,0,0,21954.0,2,39.25074768066406,-120.0349349975586,2
2018,2018-06-29,2145,6,2,21,5,N,A,Y,A,H,C,A,07,E,01,C,,,,,C,Y,N,D,5,0,0,0,23153.0,2,39.245014190673835,-120.74710083007812,3
2018,2018-07-01,725,7,2,7,7,N,A,Y,A,H,A,D,22,E,08,E,,,,,I,Y,N,D,1,0,0,0,22107.0,1,39.30765914916992,-120.52018737792967,3
2018,2018-07-04,512,7,2,5,3,N,A,Y,A,H,B,G,25,W,08,E,,,,Y,I,Y,N,D,1,0,0,0,22107.0,1,39.31371307373047,-120.4480438232422,3
2018,2018-06-28,930,6,2,9,4,N,A,Y,A,H,A,A,01,S,07,B,,,,,C,Y,N,A,2,0,0,0,21658.0,4,38.9379997253418,-121.09573364257812,3
2018,2018-06-27,1740,6,2,17,3,N,A,Y,A,H,A,-,- ,W,18,D,,,Y,,H,N,N,D,1,0,0,1,,1,39.19168472290039,-120.8185806274414,2
2018,2018-07-02,700,7,2,7,1,N,A,Y,A,H,A,A,01,N,21,C,,,,,C,N,N,A,1,0,0,0,22106.0,2,38.95684814453125,-121.10140991210938,4
2018,2018-07-05,1045,7,2,10,4,N,A,Y,A,H,A,M,47,E,08,E,,,,,I,Y,N,D,2,0,0,0,22107.0,1,39.26448059082031,-120.72718048095705,3
2018,2018-07-04,1250,7,2,12,3,N,A,N,A,H,A,C,02,N,08,F,,,Y,,A,Y,N,D,1,0,0,1,22107.0,1,39.09039306640625,-120.94192504882812,3
2018,2018-07-01,1705,7,2,17,7,N,A,Y,A,H,A,A,01,E,08,E,,,,,I,Y,N,D,1,0,0,0,22107.0,1,38.96308135986328,-121.02436065673828,2
2018,2018-07-03,1050,7,2,10,2,N,A,Y,A,H,A,A,08,N,03,C,,,,,C,N,N,D,1,0,0,0,22350.0,2,38.78776931762695,-121.28678894042967,3